Date,Pounds/Acre
1/2/2012 0:00,73184
1/3/2012 0:00,83138
1/4/2012 0:00,54922
1/5/2012 0:00,51928
1/6/2012 0:00,75361
1/7/2012 0:00,41388
1/8/2012 0:00,67906
1/9/2012 0:00,65709
1/10/2012 0:00,80565
1/11/2012 0:00,69040
1/12/2012 0:00,44332
1/13/2012 0:00,82838
1/14/2012 0:00,55872
1/15/2012 0:00,63215
1/16/2012 0:00,99097
1/17/2012 0:00,105888
1/18/2012 0:00,74495
1/19/2012 0:00,60124
1/20/2012 0:00,87493
1/21/2012 0:00,40120
1/22/2012 0:00,266909
1/23/2012 0:00,65156
1/24/2012 0:00,101488
1/25/2012 0:00,81048
1/26/2012 0:00,57429
1/27/2012 0:00,107541
1/28/2012 0:00,89846
1/29/2012 0:00,8694
1/30/2012 0:00,177460
1/31/2012 0:00,180102
2/1/2012 0:00,109585
2/2/2012 0:00,129588
2/3/2012 0:00,151750
2/4/2012 0:00,110335
2/5/2012 0:00,8694
2/6/2012 0:00,285077
2/7/2012 0:00,200148
2/8/2012 0:00,113088
2/9/2012 0:00,179034
2/10/2012 0:00,223967
2/11/2012 0:00,121563
2/12/2012 0:00,101667
2/13/2012 0:00,272268
2/14/2012 0:00,235839
2/15/2012 0:00,107580
2/16/2012 0:00,117256
2/17/2012 0:00,146500
2/18/2012 0:00,85825
2/19/2012 0:00,247043
2/20/2012 0:00,263599
2/21/2012 0:00,266016
2/22/2012 0:00,136859
2/23/2012 0:00,208762
2/24/2012 0:00,264151
2/25/2012 0:00,223313
2/26/2012 0:00,206937
2/27/2012 0:00,384694
2/28/2012 0:00,305818
2/29/2012 0:00,137811
3/1/2012 0:00,139763
3/2/2012 0:00,249299
3/3/2012 0:00,205988
3/4/2012 0:00,380318
3/5/2012 0:00,427685
3/6/2012 0:00,444104
3/7/2012 0:00,251806
3/8/2012 0:00,299385
3/9/2012 0:00,350379
3/10/2012 0:00,272888
3/11/2012 0:00,372679
3/12/2012 0:00,513658
3/13/2012 0:00,529230
3/14/2012 0:00,337193
3/15/2012 0:00,527626
3/16/2012 0:00,544820
3/17/2012 0:00,114860
3/18/2012 0:00,41271
3/19/2012 0:00,438322
3/20/2012 0:00,418996
3/21/2012 0:00,235919
3/22/2012 0:00,417484
3/23/2012 0:00,536487
3/24/2012 0:00,550175
3/25/2012 0:00,10888
3/26/2012 0:00,464993
3/27/2012 0:00,487063
3/28/2012 0:00,380108
3/29/2012 0:00,421246
3/30/2012 0:00,560848
3/31/2012 0:00,487109
4/1/2012 0:00,152898
4/2/2012 0:00,640916
4/3/2012 0:00,678557
4/4/2012 0:00,479526
4/5/2012 0:00,592003
4/6/2012 0:00,612929
4/7/2012 0:00,475071
4/8/2012 0:00,870126
4/9/2012 0:00,842448
4/10/2012 0:00,807087
4/11/2012 0:00,306866
4/12/2012 0:00,665772
4/13/2012 0:00,266282
4/14/2012 0:00,613695
4/15/2012 0:00,107945
4/16/2012 0:00,755333
4/17/2012 0:00,729322
4/18/2012 0:00,643721
4/19/2012 0:00,702687
4/20/2012 0:00,811357
4/21/2012 0:00,764145
4/22/2012 0:00,164084
4/23/2012 0:00,944106
4/24/2012 0:00,827978
4/25/2012 0:00,627640
4/26/2012 0:00,415890
4/27/2012 0:00,576445
4/28/2012 0:00,549213
4/29/2012 0:00,134523
4/30/2012 0:00,641469
5/1/2012 0:00,587915
5/2/2012 0:00,518542
5/3/2012 0:00,507314
5/4/2012 0:00,541343
5/5/2012 0:00,460366
5/6/2012 0:00,93461
5/7/2012 0:00,591481
5/8/2012 0:00,500920
5/9/2012 0:00,437202
5/10/2012 0:00,350689
5/11/2012 0:00,351702
5/12/2012 0:00,308257
5/13/2012 0:00,84503
5/14/2012 0:00,334446
5/15/2012 0:00,301471
5/16/2012 0:00,185245
5/17/2012 0:00,188619
5/18/2012 0:00,186864
5/19/2012 0:00,162344
5/20/2012 0:00,45975
5/21/2012 0:00,193147
5/22/2012 0:00,176090
5/23/2012 0:00,123611
5/24/2012 0:00,124668
5/25/2012 0:00,117824
5/26/2012 0:00,89627
5/27/2012 0:00,16631
5/28/2012 0:00,111048
5/29/2012 0:00,100489
5/30/2012 0:00,81676
5/31/2012 0:00,62583
6/1/2012 0:00,67242
6/2/2012 0:00,40125
6/3/2012 0:00,13045
6/4/2012 0:00,53118
6/5/2012 0:00,47695
6/6/2012 0:00,32078
6/7/2012 0:00,28830
6/8/2012 0:00,22586
6/9/2012 0:00,44393
6/10/2012 0:00,43442
6/11/2012 0:00,33063
6/12/2012 0:00,21124
6/13/2012 0:00,12575
6/14/2012 0:00,22759
6/15/2012 0:00,12491
6/16/2012 0:00,10352
6/17/2012 0:00,4135
6/18/2012 0:00,16323
6/19/2012 0:00,683
6/20/2012 0:00,844
6/21/2012 0:00,901
6/22/2012 0:00,3107
6/23/2012 0:00,10409.35491
6/24/2012 0:00,4124
6/25/2012 0:00,5042
6/26/2012 0:00,2626
6/27/2012 0:00,4160
6/28/2012 0:00,4084
6/29/2012 0:00,4251
6/30/2012 0:00,13166.08595
7/1/2012 0:00,4210
7/2/2012 0:00,770
7/3/2012 0:00,13808.50514
7/4/2012 0:00,12985.33411
7/5/2012 0:00,13622.13317
7/6/2012 0:00,19418.34663
7/7/2012 0:00,22854.83316
7/8/2012 0:00,19838.85122
7/9/2012 0:00,20767.32072
7/10/2012 0:00,28040.68826
7/11/2012 0:00,28367.69736
7/12/2012 0:00,26393.49509
7/13/2012 0:00,30473.27302
7/14/2012 0:00,34284.65589
7/15/2012 0:00,30192.10428
7/16/2012 0:00,30214.54263
7/17/2012 0:00,37365.45584
7/18/2012 0:00,34531.28786
7/19/2012 0:00,33571.36949
7/20/2012 0:00,36999.75992
7/21/2012 0:00,41701.0943
7/22/2012 0:00,36551.64702
7/23/2012 0:00,34900.8806
7/24/2012 0:00,52883.10336
7/25/2012 0:00,53110.44819
7/26/2012 0:00,36997.61456
7/27/2012 0:00,45354.35361
7/28/2012 0:00,47676.34332
7/29/2012 0:00,44234.07487
7/30/2012 0:00,44078.95481
7/31/2012 0:00,67235.63061
8/1/2012 0:00,72205.1209
8/2/2012 0:00,40716.57815
8/3/2012 0:00,64953.28434
8/4/2012 0:00,110546.2241
8/5/2012 0:00,41898.10867
8/6/2012 0:00,41898.10867
8/7/2012 0:00,41898.10867
8/8/2012 0:00,41898.10867
8/9/2012 0:00,41898.13681
8/10/2012 0:00,40737.5042
8/11/2012 0:00,40737.5042
8/12/2012 0:00,40737.5042
8/13/2012 0:00,40737.5042
8/14/2012 0:00,40737.5042
8/15/2012 0:00,40737.5042
8/16/2012 0:00,40737.5042
8/17/2012 0:00,40737.5042
8/18/2012 0:00,40737.5042
8/19/2012 0:00,40737.5042
8/20/2012 0:00,40737.5042
8/21/2012 0:00,40737.5042
8/22/2012 0:00,40737.5042
8/23/2012 0:00,40737.5042
8/24/2012 0:00,40737.5042
8/25/2012 0:00,40737.5042
8/26/2012 0:00,40737.51123
8/27/2012 0:00,39663.11506
8/28/2012 0:00,39663.11506
8/29/2012 0:00,39663.11506
8/30/2012 0:00,39663.11506
8/31/2012 0:00,39663.11506
9/1/2012 0:00,39663.11506
9/2/2012 0:00,39663.11506
9/3/2012 0:00,39663.11506
9/4/2012 0:00,39663.11506
9/5/2012 0:00,39663.11506
9/6/2012 0:00,39663.11506
9/7/2012 0:00,39663.11506
9/8/2012 0:00,39663.11506
9/9/2012 0:00,39663.11506
9/10/2012 0:00,39663.11506
9/11/2012 0:00,39663.11506
9/12/2012 0:00,39663.12209
9/13/2012 0:00,38671.79003
9/14/2012 0:00,38671.79003
9/15/2012 0:00,38671.79003
9/16/2012 0:00,38671.79003
9/17/2012 0:00,38671.79003
9/18/2012 0:00,38671.79003
9/19/2012 0:00,38671.79003
9/20/2012 0:00,38671.79003
9/21/2012 0:00,11450
9/22/2012 0:00,13386
9/23/2012 0:00,16426
9/24/2012 0:00,13177
9/25/2012 0:00,18547
9/26/2012 0:00,17018
9/27/2012 0:00,13039
9/28/2012 0:00,31106
9/29/2012 0:00,23662
9/30/2012 0:00,56008
10/1/2012 0:00,55487
10/2/2012 0:00,53510
10/3/2012 0:00,40124
10/4/2012 0:00,80314
10/5/2012 0:00,64857
10/6/2012 0:00,61322
10/7/2012 0:00,23211
10/8/2012 0:00,119900
10/9/2012 0:00,108144
10/10/2012 0:00,120363
10/11/2012 0:00,108201
10/12/2012 0:00,75169
10/13/2012 0:00,45795
10/14/2012 0:00,17130
10/15/2012 0:00,151619
10/16/2012 0:00,150634
10/17/2012 0:00,152033
10/18/2012 0:00,146353
10/19/2012 0:00,167961
10/20/2012 0:00,155886
10/21/2012 0:00,49617
10/22/2012 0:00,186596
10/23/2012 0:00,169647
10/24/2012 0:00,132844
10/25/2012 0:00,144773
10/26/2012 0:00,149899
10/27/2012 0:00,147667
10/28/2012 0:00,183564
10/29/2012 0:00,158996
10/30/2012 0:00,165897
10/31/2012 0:00,136792
11/1/2012 0:00,129102
11/2/2012 0:00,144901
11/3/2012 0:00,133040
11/4/2012 0:00,192970
11/5/2012 0:00,153008
11/6/2012 0:00,168141
11/7/2012 0:00,151040
11/8/2012 0:00,148299
11/9/2012 0:00,129680
11/10/2012 0:00,82174
11/11/2012 0:00,176876
11/12/2012 0:00,108654
11/13/2012 0:00,108720
11/14/2012 0:00,64792
11/15/2012 0:00,98068
11/16/2012 0:00,109537
11/17/2012 0:00,50647
11/18/2012 0:00,205994
11/19/2012 0:00,108794
11/20/2012 0:00,104323
11/21/2012 0:00,93766
11/22/2012 0:00,141944
11/23/2012 0:00,91441
11/24/2012 0:00,93647
11/25/2012 0:00,150168
11/26/2012 0:00,89716
11/27/2012 0:00,97721
11/28/2012 0:00,62358
11/29/2012 0:00,35793
11/30/2012 0:00,32251
12/1/2012 0:00,24947
12/2/2012 0:00,138156
12/3/2012 0:00,58377
12/4/2012 0:00,27499
12/5/2012 0:00,40642
12/6/2012 0:00,27544
12/7/2012 0:00,47921
12/8/2012 0:00,38171
12/9/2012 0:00,63884
12/10/2012 0:00,41233
12/11/2012 0:00,42317
12/12/2012 0:00,24012
12/13/2012 0:00,22290
12/14/2012 0:00,42090
12/15/2012 0:00,23713
12/16/2012 0:00,87866
12/17/2012 0:00,43895
12/18/2012 0:00,38837
12/19/2012 0:00,16766
12/20/2012 0:00,14569
12/21/2012 0:00,30468
12/22/2012 0:00,29169
12/23/2012 0:00,94818
12/24/2012 0:00,19175
12/25/2012 0:00,41911.8038
12/26/2012 0:00,36944
12/27/2012 0:00,32686
12/28/2012 0:00,21299
12/29/2012 0:00,17734
12/30/2012 0:00,121465
12/31/2012 0:00,27193
1/1/2013 0:00,38750.80961
1/2/2013 0:00,45988
1/3/2013 0:00,41658
1/4/2013 0:00,36511
1/5/2013 0:00,27928
1/6/2013 0:00,134751
1/7/2013 0:00,55624
1/8/2013 0:00,67906
1/9/2013 0:00,50812
1/10/2013 0:00,51125
1/11/2013 0:00,66861
1/12/2013 0:00,47399
1/13/2013 0:00,181252
1/14/2013 0:00,64022
1/15/2013 0:00,63215
1/16/2013 0:00,50552
1/17/2013 0:00,37797
1/18/2013 0:00,104721
1/19/2013 0:00,122295
1/20/2013 0:00,212993
1/21/2013 0:00,237612
1/22/2013 0:00,266909
1/23/2013 0:00,234871
1/24/2013 0:00,117750
1/25/2013 0:00,152415
1/26/2013 0:00,118091
1/27/2013 0:00,214948
1/28/2013 0:00,123695
1/29/2013 0:00,119166
1/30/2013 0:00,92169
1/31/2013 0:00,29582
2/1/2013 0:00,96635
2/2/2013 0:00,79050
2/3/2013 0:00,186088
2/4/2013 0:00,149553
2/5/2013 0:00,156205
2/6/2013 0:00,118889
2/7/2013 0:00,72170
2/8/2013 0:00,99776
2/9/2013 0:00,47354
2/10/2013 0:00,255856
2/11/2013 0:00,100597
2/12/2013 0:00,101667
2/13/2013 0:00,43017
2/14/2013 0:00,49545
2/15/2013 0:00,107355
2/16/2013 0:00,78170
2/17/2013 0:00,259553
2/18/2013 0:00,246629
2/19/2013 0:00,247043
2/20/2013 0:00,71486
2/21/2013 0:00,78597
2/22/2013 0:00,153665
2/23/2013 0:00,104375
2/24/2013 0:00,320353
2/25/2013 0:00,206550
2/26/2013 0:00,206937
2/27/2013 0:00,152489
2/28/2013 0:00,162252
3/1/2013 0:00,275649
3/2/2013 0:00,216482
3/3/2013 0:00,103193
3/4/2013 0:00,380318
3/5/2013 0:00,384253
3/6/2013 0:00,275768
3/7/2013 0:00,205851
3/8/2013 0:00,234279
3/9/2013 0:00,199791
3/10/2013 0:00,426837
3/11/2013 0:00,372679
3/12/2013 0:00,371560
3/13/2013 0:00,298108
3/14/2013 0:00,352543
3/15/2013 0:00,459844
3/16/2013 0:00,401126
3/17/2013 0:00,511577
3/18/2013 0:00,639584
3/19/2013 0:00,627623
3/20/2013 0:00,496013
3/21/2013 0:00,518439
3/22/2013 0:00,555227
3/23/2013 0:00,468499
3/24/2013 0:00,46615
3/25/2013 0:00,772621
3/26/2013 0:00,793814
3/27/2013 0:00,676723
3/28/2013 0:00,701228
3/29/2013 0:00,827139
3/30/2013 0:00,724125
3/31/2013 0:00,20352
4/1/2013 0:00,925857
4/2/2013 0:00,816117
4/3/2013 0:00,685613
4/4/2013 0:00,735345
4/5/2013 0:00,740906
4/6/2013 0:00,705774
4/7/2013 0:00,87984
4/8/2013 0:00,870126
4/9/2013 0:00,837020
4/10/2013 0:00,756663
4/11/2013 0:00,618764
4/12/2013 0:00,603467
4/13/2013 0:00,513428
4/14/2013 0:00,156505
4/15/2013 0:00,651971
4/16/2013 0:00,515640
4/17/2013 0:00,496585
4/18/2013 0:00,437933
4/19/2013 0:00,393960
4/20/2013 0:00,419493
4/21/2013 0:00,110932
4/22/2013 0:00,402081
4/23/2013 0:00,419543
4/24/2013 0:00,404940
4/25/2013 0:00,287585
4/26/2013 0:00,215708
4/27/2013 0:00,230874
4/28/2013 0:00,40967
4/29/2013 0:00,234959
4/30/2013 0:00,255922
5/1/2013 0:00,183298
5/2/2013 0:00,111771
5/3/2013 0:00,98582
5/4/2013 0:00,74006
5/5/2013 0:00,24261
5/6/2013 0:00,110922
5/7/2013 0:00,118857
5/8/2013 0:00,85083
5/9/2013 0:00,81254
5/10/2013 0:00,77186
5/11/2013 0:00,51417
5/12/2013 0:00,7492
5/13/2013 0:00,101496
5/14/2013 0:00,105555
5/15/2013 0:00,53260
5/16/2013 0:00,69289
5/17/2013 0:00,59693
5/18/2013 0:00,38202
5/19/2013 0:00,102380
5/20/2013 0:00,73902
5/21/2013 0:00,70636
5/22/2013 0:00,47393
5/23/2013 0:00,39782
5/24/2013 0:00,42121
5/25/2013 0:00,28616
5/26/2013 0:00,93478
5/27/2013 0:00,45051
5/28/2013 0:00,48617
5/29/2013 0:00,39678
5/30/2013 0:00,41894
5/31/2013 0:00,32125
6/1/2013 0:00,31149
6/2/2013 0:00,12675
6/3/2013 0:00,51430
6/4/2013 0:00,84424
6/5/2013 0:00,35909
6/6/2013 0:00,43361
6/7/2013 0:00,35830
6/8/2013 0:00,27409
6/9/2013 0:00,44393
6/10/2013 0:00,43442
6/11/2013 0:00,44145
6/12/2013 0:00,21124
6/13/2013 0:00,20063
6/14/2013 0:00,3205
6/15/2013 0:00,12491
6/16/2013 0:00,10352
6/17/2013 0:00,4135
6/18/2013 0:00,4484
6/19/2013 0:00,2640
6/20/2013 0:00,3649
6/21/2013 0:00,4441
6/22/2013 0:00,3107
6/23/2013 0:00,11958.07958
6/24/2013 0:00,4124
6/25/2013 0:00,5042
6/26/2013 0:00,2626
6/27/2013 0:00,4160
6/28/2013 0:00,4084
6/29/2013 0:00,4251
6/30/2013 0:00,13774.65769
7/1/2013 0:00,4210
7/2/2013 0:00,770
7/3/2013 0:00,13492.61674
7/4/2013 0:00,12672.31557
7/5/2013 0:00,13842.07826
7/6/2013 0:00,20959.01038
7/7/2013 0:00,23156.87872
7/8/2013 0:00,20005.91496
7/9/2013 0:00,21556.166
7/10/2013 0:00,31286.18149
7/11/2013 0:00,30298.83065
7/12/2013 0:00,28503.50918
7/13/2013 0:00,34412.37162
7/14/2013 0:00,37584.05745
7/15/2013 0:00,32576.30942
7/16/2013 0:00,30767.24358
7/17/2013 0:00,38430.86964
7/18/2013 0:00,33931.35383
7/19/2013 0:00,34093.00141
7/20/2013 0:00,38446.7242
7/21/2013 0:00,42098.63299
7/22/2013 0:00,37066.60371
7/23/2013 0:00,40768.17229
7/24/2013 0:00,58220.35052
7/25/2013 0:00,52093.20299
7/26/2013 0:00,35690.83724
7/27/2013 0:00,51956.92693
7/28/2013 0:00,54186.59583
7/29/2013 0:00,49325.03472
7/30/2013 0:00,54116.03108
7/31/2013 0:00,78837.30018
8/1/2013 0:00,72980.86892
8/2/2013 0:00,30092.32043
8/3/2013 0:00,77062.13102
8/4/2013 0:00,107695.1957
8/5/2013 0:00,31277.28352
8/6/2013 0:00,31277.28352
8/7/2013 0:00,31277.28352
8/8/2013 0:00,31277.28352
8/9/2013 0:00,31277.28352
8/10/2013 0:00,31277.28352
8/11/2013 0:00,31277.28352
8/12/2013 0:00,31277.28352
8/13/2013 0:00,31277.28352
8/14/2013 0:00,31277.28352
8/15/2013 0:00,31277.28352
8/16/2013 0:00,31277.28352
8/17/2013 0:00,31277.28352
8/18/2013 0:00,31277.31166
8/19/2013 0:00,22080.2176
8/20/2013 0:00,22080.2176
8/21/2013 0:00,22080.2176
8/22/2013 0:00,22080.2176
8/23/2013 0:00,22080.2176
8/24/2013 0:00,22080.2176
8/25/2013 0:00,22080.2176
8/26/2013 0:00,22080.2176
8/27/2013 0:00,22080.2176
8/28/2013 0:00,22080.2176
8/29/2013 0:00,22080.2176
8/30/2013 0:00,22080.2176
8/31/2013 0:00,22080.2176
9/1/2013 0:00,22080.2176
9/2/2013 0:00,22080.2176
9/3/2013 0:00,22080.2176
9/4/2013 0:00,22080.2176
9/5/2013 0:00,13393.45188
9/6/2013 0:00,13393.45188
9/7/2013 0:00,13393.45188
9/8/2013 0:00,13393.45188
9/9/2013 0:00,13393.45188
9/10/2013 0:00,13393.45188
9/11/2013 0:00,13393.45188
9/12/2013 0:00,13393.45188
9/13/2013 0:00,13393.45188
9/14/2013 0:00,13393.45188
9/15/2013 0:00,13393.45188
9/16/2013 0:00,13393.45188
9/17/2013 0:00,13393.45188
9/18/2013 0:00,13393.45188
9/19/2013 0:00,13393.45188
9/20/2013 0:00,30759
9/21/2013 0:00,11450
9/22/2013 0:00,27137
9/23/2013 0:00,16426
9/24/2013 0:00,20815
9/25/2013 0:00,12987
9/26/2013 0:00,26364
9/27/2013 0:00,28439
9/28/2013 0:00,20614
9/29/2013 0:00,75651
9/30/2013 0:00,56008
10/1/2013 0:00,58402
10/2/2013 0:00,48836
10/3/2013 0:00,58836
10/4/2013 0:00,65556
10/5/2013 0:00,52854
10/6/2013 0:00,12443
10/7/2013 0:00,77610
10/8/2013 0:00,68714
10/9/2013 0:00,85963
10/10/2013 0:00,69120
10/11/2013 0:00,75515
10/12/2013 0:00,68374
10/13/2013 0:00,8755
10/14/2013 0:00,110539
10/15/2013 0:00,98631
10/16/2013 0:00,93939
10/17/2013 0:00,112782
10/18/2013 0:00,114882
10/19/2013 0:00,100215
10/20/2013 0:00,159703
10/21/2013 0:00,171321
10/22/2013 0:00,161557
10/23/2013 0:00,108143
10/24/2013 0:00,139252
10/25/2013 0:00,154027
10/26/2013 0:00,109016
10/27/2013 0:00,8208
10/28/2013 0:00,183564
10/29/2013 0:00,164782
10/30/2013 0:00,106972
10/31/2013 0:00,115435
11/1/2013 0:00,128944
11/2/2013 0:00,110100
11/3/2013 0:00,118354
11/4/2013 0:00,192970
11/5/2013 0:00,192324
11/6/2013 0:00,149896
11/7/2013 0:00,116318
11/8/2013 0:00,162226
11/9/2013 0:00,134676
11/10/2013 0:00,159495
11/11/2013 0:00,176876
11/12/2013 0:00,182318
11/13/2013 0:00,130693
11/14/2013 0:00,130511
11/15/2013 0:00,169667
11/16/2013 0:00,136857
11/17/2013 0:00,107982
11/18/2013 0:00,205994
11/19/2013 0:00,193103
11/20/2013 0:00,153553
11/21/2013 0:00,100110
11/22/2013 0:00,141944
11/23/2013 0:00,105090
11/24/2013 0:00,90539
11/25/2013 0:00,150168
11/26/2013 0:00,139841
11/27/2013 0:00,108506
11/28/2013 0:00,33500
11/29/2013 0:00,117768
11/30/2013 0:00,140800
12/1/2013 0:00,100028
12/2/2013 0:00,138156
12/3/2013 0:00,148423
12/4/2013 0:00,91521
12/5/2013 0:00,78399
12/6/2013 0:00,94053
12/7/2013 0:00,52434
12/8/2013 0:00,60688
12/9/2013 0:00,63884
12/10/2013 0:00,50168
12/11/2013 0:00,22090
12/12/2013 0:00,20930
12/13/2013 0:00,59309
12/14/2013 0:00,36050
12/15/2013 0:00,49763
12/16/2013 0:00,87866
12/17/2013 0:00,125723
12/18/2013 0:00,111083
12/19/2013 0:00,76915
12/20/2013 0:00,96648
12/21/2013 0:00,81865
12/22/2013 0:00,97045
12/23/2013 0:00,94818
12/24/2013 0:00,51410
12/25/2013 0:00,69510.40834
12/26/2013 0:00,91632
12/27/2013 0:00,106026
12/28/2013 0:00,90894
12/29/2013 0:00,118146
12/30/2013 0:00,121465
12/31/2013 0:00,92191
1/1/2014 0:00,90680.6287
1/2/2014 0:00,127466
1/3/2014 0:00,125115
1/4/2014 0:00,89292
1/5/2014 0:00,127594
1/6/2014 0:00,134751
1/7/2014 0:00,132244
1/8/2014 0:00,114144
1/9/2014 0:00,86785
1/10/2014 0:00,118108
1/11/2014 0:00,91863
1/12/2014 0:00,82215
1/13/2014 0:00,181252
1/14/2014 0:00,172733
1/15/2014 0:00,150438
1/16/2014 0:00,152116
1/17/2014 0:00,223003
1/18/2014 0:00,174493
1/19/2014 0:00,119281
1/20/2014 0:00,212993
1/21/2014 0:00,206314
1/22/2014 0:00,140980
1/23/2014 0:00,107155
1/24/2014 0:00,161606
1/25/2014 0:00,107733
1/26/2014 0:00,133687
1/27/2014 0:00,214948
1/28/2014 0:00,220579
1/29/2014 0:00,168734
1/30/2014 0:00,109082
1/31/2014 0:00,179779
2/1/2014 0:00,112821
2/2/2014 0:00,148231
2/3/2014 0:00,186088
2/4/2014 0:00,183065
2/5/2014 0:00,130001
2/6/2014 0:00,87402
2/7/2014 0:00,179320
2/8/2014 0:00,118122
2/9/2014 0:00,188599
2/10/2014 0:00,255856
2/11/2014 0:00,276894
2/12/2014 0:00,188910
2/13/2014 0:00,146694
2/14/2014 0:00,224098
2/15/2014 0:00,162504
2/16/2014 0:00,265296
2/17/2014 0:00,259553
2/18/2014 0:00,270749
2/19/2014 0:00,181199
2/20/2014 0:00,142870
2/21/2014 0:00,217861
2/22/2014 0:00,185540
2/23/2014 0:00,14632
2/24/2014 0:00,320353
2/25/2014 0:00,325727
2/26/2014 0:00,298881
2/27/2014 0:00,252216
2/28/2014 0:00,75037
3/1/2014 0:00,107449
3/2/2014 0:00,27059
3/3/2014 0:00,131361
3/4/2014 0:00,119885
3/5/2014 0:00,145996
3/6/2014 0:00,217141
3/7/2014 0:00,361209
3/8/2014 0:00,333703
3/9/2014 0:00,17951
3/10/2014 0:00,426837
3/11/2014 0:00,433473
3/12/2014 0:00,329545
3/13/2014 0:00,346869
3/14/2014 0:00,399847
3/15/2014 0:00,344349
3/16/2014 0:00,47613
3/17/2014 0:00,511577
3/18/2014 0:00,522523
3/19/2014 0:00,429161
3/20/2014 0:00,439182
3/21/2014 0:00,545019
3/22/2014 0:00,460236
3/23/2014 0:00,54532
3/24/2014 0:00,833674
3/25/2014 0:00,848284
3/26/2014 0:00,693434
3/27/2014 0:00,624881
3/28/2014 0:00,622069
3/29/2014 0:00,579299
3/30/2014 0:00,95754
3/31/2014 0:00,791300
4/1/2014 0:00,684041
4/2/2014 0:00,462658
4/3/2014 0:00,500682
4/4/2014 0:00,570238
4/5/2014 0:00,492492
4/6/2014 0:00,359231
4/7/2014 0:00,662483
4/8/2014 0:00,648169
4/9/2014 0:00,572909
4/10/2014 0:00,490307
4/11/2014 0:00,496728
4/12/2014 0:00,460308
4/13/2014 0:00,175145
4/14/2014 0:00,573387
4/15/2014 0:00,562892
4/16/2014 0:00,504493
4/17/2014 0:00,468620
4/18/2014 0:00,581194
4/19/2014 0:00,463019
4/20/2014 0:00,247067
4/21/2014 0:00,572640
4/22/2014 0:00,544167
4/23/2014 0:00,416982
4/24/2014 0:00,314742
4/25/2014 0:00,310036
4/26/2014 0:00,230010
4/27/2014 0:00,201906
4/28/2014 0:00,317403
4/29/2014 0:00,218601
4/30/2014 0:00,174857
5/1/2014 0:00,133422
5/2/2014 0:00,160502
5/3/2014 0:00,135828
5/4/2014 0:00,10480
5/5/2014 0:00,195702
5/6/2014 0:00,191514
5/7/2014 0:00,155779
5/8/2014 0:00,157474
5/9/2014 0:00,163412
5/10/2014 0:00,121642
5/11/2014 0:00,278113
5/12/2014 0:00,185271
5/13/2014 0:00,135536
5/14/2014 0:00,91623
5/15/2014 0:00,56528
5/16/2014 0:00,68206
5/17/2014 0:00,51327
5/18/2014 0:00,221313
5/19/2014 0:00,102380
5/20/2014 0:00,108527
5/21/2014 0:00,88715
5/22/2014 0:00,87316
5/23/2014 0:00,85564
5/24/2014 0:00,78401
5/25/2014 0:00,49881
5/26/2014 0:00,93478
5/27/2014 0:00,76313
5/28/2014 0:00,25245
5/29/2014 0:00,32947
5/30/2014 0:00,22226
5/31/2014 0:00,15562
6/1/2014 0:00,9514
6/2/2014 0:00,12675
6/3/2014 0:00,10434
6/4/2014 0:00,84424
6/5/2014 0:00,35909
6/6/2014 0:00,43361
6/7/2014 0:00,35830
6/8/2014 0:00,27409
6/9/2014 0:00,44393
6/10/2014 0:00,43442
6/11/2014 0:00,44145
6/12/2014 0:00,21124
6/13/2014 0:00,20063
6/14/2014 0:00,3205
6/15/2014 0:00,12491
6/16/2014 0:00,10352
6/17/2014 0:00,4135
6/18/2014 0:00,4484
6/19/2014 0:00,2640
6/20/2014 0:00,3649
6/21/2014 0:00,4441
6/22/2014 0:00,3107
6/23/2014 0:00,7526.568152
6/24/2014 0:00,4124
6/25/2014 0:00,5042
6/26/2014 0:00,2626
6/27/2014 0:00,4160
6/28/2014 0:00,4084
6/29/2014 0:00,4251
6/30/2014 0:00,7877.985117
7/1/2014 0:00,4210
7/2/2014 0:00,770
7/3/2014 0:00,6676.217876
7/4/2014 0:00,5926.692476
7/5/2014 0:00,6832.484475
7/6/2014 0:00,9346.36079
7/7/2014 0:00,8976.817293
7/8/2014 0:00,7626.218355
7/9/2014 0:00,7989.304671
7/10/2014 0:00,10276.91235
7/11/2014 0:00,9664.049886
7/12/2014 0:00,9888.145025
7/13/2014 0:00,10520.13988
7/14/2014 0:00,10618.43253
7/15/2014 0:00,9599.175614
7/16/2014 0:00,10282.44105
7/17/2014 0:00,11868.53719
7/18/2014 0:00,10389.20963
7/19/2014 0:00,10136.21192
7/20/2014 0:00,10806.54893
7/21/2014 0:00,11690.38792
7/22/2014 0:00,10896.82285
7/23/2014 0:00,12090.42366
7/24/2014 0:00,15839.69661
7/25/2014 0:00,11232.56814
7/26/2014 0:00,4286.990481
7/27/2014 0:00,10960.00194
7/28/2014 0:00,11645.52528
7/29/2014 0:00,10790.86318
7/30/2014 0:00,12514.38192
7/31/2014 0:00,18366.44508
8/1/2014 0:00,20816.91019
8/2/2014 0:00,8996.505365
8/3/2014 0:00,22285.3562
8/4/2014 0:00,30341.92776
8/5/2014 0:00,11251.83417
8/6/2014 0:00,11251.83417
8/7/2014 0:00,11251.83417
8/8/2014 0:00,11251.83417
8/9/2014 0:00,11251.83417
8/10/2014 0:00,11251.84824
8/11/2014 0:00,6735.999557
8/12/2014 0:00,6735.999557
8/13/2014 0:00,6735.999557
8/14/2014 0:00,6735.999557
8/15/2014 0:00,6735.999557
8/16/2014 0:00,6735.999557
8/17/2014 0:00,6735.999557
8/18/2014 0:00,6735.999557
8/19/2014 0:00,6735.999557
8/20/2014 0:00,6735.999557
8/21/2014 0:00,6735.999557
8/22/2014 0:00,6735.999557
8/23/2014 0:00,6735.999557
8/24/2014 0:00,6735.999557
8/25/2014 0:00,6735.999557
8/26/2014 0:00,6735.999557
8/27/2014 0:00,6735.971421
8/28/2014 0:00,2875.526631
8/29/2014 0:00,2875.526631
8/30/2014 0:00,2875.526631
8/31/2014 0:00,2875.526631
9/1/2014 0:00,2875.526631
9/2/2014 0:00,2875.526631
9/3/2014 0:00,2875.526631
9/4/2014 0:00,2875.526631
9/5/2014 0:00,2875.526631
9/6/2014 0:00,2875.526631
9/7/2014 0:00,2875.526631
9/8/2014 0:00,2875.526631
9/9/2014 0:00,2875.526631
9/10/2014 0:00,2875.526631
9/11/2014 0:00,2875.526631
9/12/2014 0:00,2875.526631
9/13/2014 0:00,2875.540699
9/14/2014 0:00,0
9/15/2014 0:00,0
9/16/2014 0:00,0
9/17/2014 0:00,0
9/18/2014 0:00,0
9/19/2014 0:00,62717
9/20/2014 0:00,30759
9/21/2014 0:00,35563
9/22/2014 0:00,27137
9/23/2014 0:00,34492
9/24/2014 0:00,27737
9/25/2014 0:00,34504
9/26/2014 0:00,48479
9/27/2014 0:00,53517
9/28/2014 0:00,75559
9/29/2014 0:00,75651
9/30/2014 0:00,73540
10/1/2014 0:00,72648
10/2/2014 0:00,68106
10/3/2014 0:00,63020
10/4/2014 0:00,39327
10/5/2014 0:00,31565
10/6/2014 0:00,83263
10/7/2014 0:00,73149
10/8/2014 0:00,72894
10/9/2014 0:00,102807
10/10/2014 0:00,93768
10/11/2014 0:00,104602
10/12/2014 0:00,67321
10/13/2014 0:00,137733
10/14/2014 0:00,132655
10/15/2014 0:00,121292
10/16/2014 0:00,113576
10/17/2014 0:00,124820
10/18/2014 0:00,116617
10/19/2014 0:00,54075
10/20/2014 0:00,159703
10/21/2014 0:00,154906
10/22/2014 0:00,135997
10/23/2014 0:00,142023
10/24/2014 0:00,135418
10/25/2014 0:00,118012
10/26/2014 0:00,36863
10/27/2014 0:00,167857
10/28/2014 0:00,162788
10/29/2014 0:00,125796
10/30/2014 0:00,131044
10/31/2014 0:00,150137
11/1/2014 0:00,80793
11/2/2014 0:00,19884
11/3/2014 0:00,118354
11/4/2014 0:00,120779
11/5/2014 0:00,95326
11/6/2014 0:00,89989
11/7/2014 0:00,124637
11/8/2014 0:00,89380
11/9/2014 0:00,77871
11/10/2014 0:00,159495
11/11/2014 0:00,146215
11/12/2014 0:00,114906
11/13/2014 0:00,94386
11/14/2014 0:00,101470
11/15/2014 0:00,77897
11/16/2014 0:00,52108
11/17/2014 0:00,107982
11/18/2014 0:00,96786
11/19/2014 0:00,71418
11/20/2014 0:00,66237
11/21/2014 0:00,95350
11/22/2014 0:00,69449
11/23/2014 0:00,67080
11/24/2014 0:00,90539
11/25/2014 0:00,108389
11/26/2014 0:00,65669
11/27/2014 0:00,36942
11/28/2014 0:00,99398
11/29/2014 0:00,103680
11/30/2014 0:00,18247
12/1/2014 0:00,100028
12/2/2014 0:00,29224
12/3/2014 0:00,26763
12/4/2014 0:00,31336
12/5/2014 0:00,40557
12/6/2014 0:00,30050
12/7/2014 0:00,50822
12/8/2014 0:00,60688
12/9/2014 0:00,64421
12/10/2014 0:00,58201
12/11/2014 0:00,61310
12/12/2014 0:00,4648
12/13/2014 0:00,36520
12/14/2014 0:00,20759
12/15/2014 0:00,49763
12/16/2014 0:00,30925
12/17/2014 0:00,34534
12/18/2014 0:00,43647
12/19/2014 0:00,54016
12/20/2014 0:00,45693
12/21/2014 0:00,7431
12/22/2014 0:00,97045
12/23/2014 0:00,113682
12/24/2014 0:00,77507
12/25/2014 0:00,68832.61533
12/26/2014 0:00,140920
12/27/2014 0:00,132991
12/28/2014 0:00,50883
12/29/2014 0:00,118146
12/30/2014 0:00,119641
12/31/2014 0:00,73557
1/1/2015 0:00,79926.91786
1/2/2015 0:00,96890
1/3/2015 0:00,82299
1/4/2015 0:00,70612
1/5/2015 0:00,127594
1/6/2015 0:00,140204
1/7/2015 0:00,127260
1/8/2015 0:00,113707
1/9/2015 0:00,168615
1/10/2015 0:00,130765
1/11/2015 0:00,46283
1/12/2015 0:00,82215
1/13/2015 0:00,70769
1/14/2015 0:00,56820
1/15/2015 0:00,53303
1/16/2015 0:00,78166
1/17/2015 0:00,52686
1/18/2015 0:00,68038
1/19/2015 0:00,119281
1/20/2015 0:00,128020
1/21/2015 0:00,99273
1/22/2015 0:00,50866
1/23/2015 0:00,105576
1/24/2015 0:00,87193
1/25/2015 0:00,14634
1/26/2015 0:00,133687
1/27/2015 0:00,120608
1/28/2015 0:00,54475
1/29/2015 0:00,94216
1/30/2015 0:00,128908
1/31/2015 0:00,85154
2/1/2015 0:00,60159
2/2/2015 0:00,148231
2/3/2015 0:00,152027
2/4/2015 0:00,120739
2/5/2015 0:00,109508
2/6/2015 0:00,179432
2/7/2015 0:00,126982
2/8/2015 0:00,132501
2/9/2015 0:00,188599
2/10/2015 0:00,179093
2/11/2015 0:00,129948
2/12/2015 0:00,154777
2/13/2015 0:00,206760
2/14/2015 0:00,160738
2/15/2015 0:00,102310
2/16/2015 0:00,265296
2/17/2015 0:00,260390
2/18/2015 0:00,182258
2/19/2015 0:00,159658
2/20/2015 0:00,224024
2/21/2015 0:00,193414
2/22/2015 0:00,118041
2/23/2015 0:00,239090
2/24/2015 0:00,214102
2/25/2015 0:00,157805
2/26/2015 0:00,174003
2/27/2015 0:00,240642
2/28/2015 0:00,228252
3/1/2015 0:00,284011
3/2/2015 0:00,286936
3/3/2015 0:00,313723
3/4/2015 0:00,296644
3/5/2015 0:00,282065
3/6/2015 0:00,346067
3/7/2015 0:00,332484
3/8/2015 0:00,39067
3/9/2015 0:00,567921
3/10/2015 0:00,613331
3/11/2015 0:00,531363
3/12/2015 0:00,470378
3/13/2015 0:00,516378
3/14/2015 0:00,473568
3/15/2015 0:00,49647
3/16/2015 0:00,741565
3/17/2015 0:00,711657
3/18/2015 0:00,693130
3/19/2015 0:00,676005
3/20/2015 0:00,622599
3/21/2015 0:00,589203
3/22/2015 0:00,89874
3/23/2015 0:00,744188
3/24/2015 0:00,711471
3/25/2015 0:00,679495
3/26/2015 0:00,517724
3/27/2015 0:00,486558
3/28/2015 0:00,458696
3/29/2015 0:00,194167
3/30/2015 0:00,509089
3/31/2015 0:00,506576
4/1/2015 0:00,467478
4/2/2015 0:00,385043
4/3/2015 0:00,327982
4/4/2015 0:00,271333
4/5/2015 0:00,509780
4/6/2015 0:00,359231
4/7/2015 0:00,297017
4/8/2015 0:00,285236
4/9/2015 0:00,262579
4/10/2015 0:00,262574
4/11/2015 0:00,214633
4/12/2015 0:00,46433
4/13/2015 0:00,257872
4/14/2015 0:00,295606
4/15/2015 0:00,240536
4/16/2015 0:00,218818
4/17/2015 0:00,223631
4/18/2015 0:00,193258
4/19/2015 0:00,17623
4/20/2015 0:00,247067
4/21/2015 0:00,241829
4/22/2015 0:00,206274
4/23/2015 0:00,198895
4/24/2015 0:00,196867
4/25/2015 0:00,141175
4/26/2015 0:00,333323
4/27/2015 0:00,201906
4/28/2015 0:00,208408
4/29/2015 0:00,192250
4/30/2015 0:00,163845
5/1/2015 0:00,164572
5/2/2015 0:00,126610
5/3/2015 0:00,332060
5/4/2015 0:00,220489
5/5/2015 0:00,238121
5/6/2015 0:00,210362
5/7/2015 0:00,202285
5/8/2015 0:00,192369
5/9/2015 0:00,140311
5/10/2015 0:00,267206
5/11/2015 0:00,278113
5/12/2015 0:00,267738
5/13/2015 0:00,221003
5/14/2015 0:00,203656
5/15/2015 0:00,195291
5/16/2015 0:00,173175
5/17/2015 0:00,163781
5/18/2015 0:00,221313
5/19/2015 0:00,189347
5/20/2015 0:00,132848
5/21/2015 0:00,122512
5/22/2015 0:00,104385
5/23/2015 0:00,107151
5/24/2015 0:00,136637
5/25/2015 0:00,49881
5/26/2015 0:00,51183
5/27/2015 0:00,44876
5/28/2015 0:00,37086
5/29/2015 0:00,34697
5/30/2015 0:00,30760
5/31/2015 0:00,94516
6/1/2015 0:00,9514
6/2/2015 0:00,4356
6/3/2015 0:00,54385
6/4/2015 0:00,29003
6/5/2015 0:00,35909
6/6/2015 0:00,43361
6/7/2015 0:00,35830
6/8/2015 0:00,27409
6/9/2015 0:00,44393
6/10/2015 0:00,43442
6/11/2015 0:00,44145
6/12/2015 0:00,21124
6/13/2015 0:00,20063
6/14/2015 0:00,3205
6/15/2015 0:00,12491
6/16/2015 0:00,10352
6/17/2015 0:00,4135
6/18/2015 0:00,4484
6/19/2015 0:00,2640
6/20/2015 0:00,3649
6/21/2015 0:00,4441
6/22/2015 0:00,3107
6/23/2015 0:00,19813.74699
6/24/2015 0:00,4124
6/25/2015 0:00,5042
6/26/2015 0:00,2626
6/27/2015 0:00,4160
6/28/2015 0:00,4084
6/29/2015 0:00,4251
6/30/2015 0:00,24081.68353
7/1/2015 0:00,4210
7/2/2015 0:00,770
7/3/2015 0:00,25411.36345
7/4/2015 0:00,26487.62363
7/5/2015 0:00,31097.57272
7/6/2015 0:00,39399.24987
7/7/2015 0:00,45360.62087
7/8/2015 0:00,44009.71244
7/9/2015 0:00,44942.71886
7/10/2015 0:00,58251.33514
7/11/2015 0:00,61014.56557
7/12/2015 0:00,59937.13775
7/13/2015 0:00,63638.03811
7/14/2015 0:00,70263.79538
7/15/2015 0:00,69137.47447
7/16/2015 0:00,69740.81998
7/17/2015 0:00,76342.97829
7/18/2015 0:00,76593.59148
7/19/2015 0:00,75421.42317
7/20/2015 0:00,79080.19007
7/21/2015 0:00,83990.97488
7/22/2015 0:00,83189.44033
7/23/2015 0:00,83311.37414
7/24/2015 0:00,91500.94394
7/25/2015 0:00,95245.67294
7/26/2015 0:00,84908.82309
7/27/2015 0:00,91872.35143
7/28/2015 0:00,94048.02761
7/29/2015 0:00,93045.16687
7/30/2015 0:00,93872.30506
7/31/2015 0:00,100229.7939
8/1/2015 0:00,107606.3286
8/2/2015 0:00,93598.23359
8/3/2015 0:00,98689.31302
8/4/2015 0:00,107956.3106
8/5/2015 0:00,94333.97241
8/6/2015 0:00,94333.97241
8/7/2015 0:00,94333.97241
8/8/2015 0:00,94333.97241
8/9/2015 0:00,94333.97241
8/10/2015 0:00,94333.97241
8/11/2015 0:00,94333.97241
8/12/2015 0:00,94333.97241
8/13/2015 0:00,94333.97241
8/14/2015 0:00,94333.97241
8/15/2015 0:00,94333.97241
8/16/2015 0:00,94333.97241
8/17/2015 0:00,94333.97241
8/18/2015 0:00,94333.97241
8/19/2015 0:00,94333.97241
8/20/2015 0:00,91088.59172
8/21/2015 0:00,91088.59172
8/22/2015 0:00,91088.59172
8/23/2015 0:00,91088.59172
8/24/2015 0:00,91088.59172
8/25/2015 0:00,91088.59172
8/26/2015 0:00,91088.59172
8/27/2015 0:00,11833
8/28/2015 0:00,100062.5965
8/29/2015 0:00,85180.49598
8/30/2015 0:00,71697.33182
8/31/2015 0:00,80018.97841
9/1/2015 0:00,85836.94794
9/2/2015 0:00,79629.83125
9/3/2015 0:00,7407
9/4/2015 0:00,113317.6069
9/5/2015 0:00,102477.8003
9/6/2015 0:00,72113.3628
9/7/2015 0:00,72250.3915
9/8/2015 0:00,91423.5281
9/9/2015 0:00,76431.52186
9/10/2015 0:00,12922
9/11/2015 0:00,115562.7083
9/12/2015 0:00,106189.7933
9/13/2015 0:00,77733.83965
9/14/2015 0:00,75236.47206
9/15/2015 0:00,104329.6327
9/16/2015 0:00,82238.83493
9/17/2015 0:00,14523
9/18/2015 0:00,116716.1241
9/19/2015 0:00,62717
9/20/2015 0:00,30759
9/21/2015 0:00,35563
9/22/2015 0:00,48382
9/23/2015 0:00,32670
9/24/2015 0:00,44342
9/25/2015 0:00,47135
9/26/2015 0:00,45239
9/27/2015 0:00,23393
9/28/2015 0:00,75559
9/29/2015 0:00,79075
9/30/2015 0:00,66583
10/1/2015 0:00,63063
10/2/2015 0:00,81819
10/3/2015 0:00,91626
10/4/2015 0:00,42248
10/5/2015 0:00,75850
10/6/2015 0:00,84818
10/7/2015 0:00,92036
10/8/2015 0:00,100557
10/9/2015 0:00,89349
10/10/2015 0:00,87774
10/11/2015 0:00,31197
10/12/2015 0:00,91277
10/13/2015 0:00,102431
10/14/2015 0:00,100335
10/15/2015 0:00,113830
10/16/2015 0:00,114990
10/17/2015 0:00,98662
10/18/2015 0:00,48817
10/19/2015 0:00,120572
10/20/2015 0:00,145600
10/21/2015 0:00,110792
10/22/2015 0:00,121652
10/23/2015 0:00,107754
10/24/2015 0:00,105055
10/25/2015 0:00,150456
10/26/2015 0:00,117741
10/27/2015 0:00,112587
10/28/2015 0:00,93481
10/29/2015 0:00,77983
10/30/2015 0:00,85846
10/31/2015 0:00,68610
11/1/2015 0:00,113228
11/2/2015 0:00,103368
11/3/2015 0:00,92194
11/4/2015 0:00,51747
11/5/2015 0:00,41398
11/6/2015 0:00,50889
11/7/2015 0:00,27704
11/8/2015 0:00,135083
11/9/2015 0:00,77871
11/10/2015 0:00,73708
11/11/2015 0:00,35700
11/12/2015 0:00,42132
11/13/2015 0:00,40936
11/14/2015 0:00,14483
11/15/2015 0:00,170732
11/16/2015 0:00,52108
11/17/2015 0:00,47898
11/18/2015 0:00,15703
11/19/2015 0:00,30085
11/20/2015 0:00,38549
11/21/2015 0:00,21113
11/22/2015 0:00,119086
11/23/2015 0:00,67080
11/24/2015 0:00,62455
11/25/2015 0:00,28967
11/26/2015 0:00,79096
11/27/2015 0:00,36942
11/28/2015 0:00,32273
11/29/2015 0:00,96899
11/30/2015 0:00,42109
12/1/2015 0:00,37302
12/2/2015 0:00,17252
12/3/2015 0:00,18685
12/4/2015 0:00,41535
12/5/2015 0:00,38932
12/6/2015 0:00,105759
12/7/2015 0:00,50822
12/8/2015 0:00,51765
12/9/2015 0:00,36174
12/10/2015 0:00,48109
12/11/2015 0:00,50789
12/12/2015 0:00,24793
12/13/2015 0:00,146937
12/14/2015 0:00,49700
12/15/2015 0:00,40466
12/16/2015 0:00,28010
12/17/2015 0:00,15640
12/18/2015 0:00,36756
12/19/2015 0:00,14435
12/20/2015 0:00,37602
12/21/2015 0:00,42383
12/22/2015 0:00,51252
12/23/2015 0:00,49127
12/24/2015 0:00,19392
12/25/2015 0:00,38686.2589
12/26/2015 0:00,37726
12/27/2015 0:00,75042
12/28/2015 0:00,58617
12/29/2015 0:00,57254
12/30/2015 0:00,41925
12/31/2015 0:00,27651
1/1/2016 0:00,46866.9448
1/2/2016 0:00,62799
1/3/2016 0:00,19228
1/4/2016 0:00,70612
1/5/2016 0:00,38515
1/6/2016 0:00,26559
1/7/2016 0:00,32549
1/8/2016 0:00,25784
1/9/2016 0:00,8645
1/10/2016 0:00,54317
1/11/2016 0:00,46283
1/12/2016 0:00,46963
1/13/2016 0:00,25725
1/14/2016 0:00,23514
1/15/2016 0:00,48360
1/16/2016 0:00,33145
1/17/2016 0:00,73335
1/18/2016 0:00,68038
1/19/2016 0:00,62960
1/20/2016 0:00,29363
1/21/2016 0:00,25289
1/22/2016 0:00,42256
1/23/2016 0:00,32295
1/24/2016 0:00,23842
1/25/2016 0:00,54903
1/26/2016 0:00,45010
1/27/2016 0:00,34397
1/28/2016 0:00,31909
1/29/2016 0:00,46320
1/30/2016 0:00,72876
1/31/2016 0:00,119051
2/1/2016 0:00,60159
2/2/2016 0:00,51610
2/3/2016 0:00,29836
2/4/2016 0:00,31099
2/5/2016 0:00,47138
2/6/2016 0:00,39410
2/7/2016 0:00,75087
2/8/2016 0:00,132501
2/9/2016 0:00,128709
2/10/2016 0:00,93421
2/11/2016 0:00,89288
2/12/2016 0:00,92227
2/13/2016 0:00,64775
2/14/2016 0:00,74354
2/15/2016 0:00,102310
2/16/2016 0:00,105930
2/17/2016 0:00,65398
2/18/2016 0:00,43379
2/19/2016 0:00,78168
2/20/2016 0:00,70833
2/21/2016 0:00,9778
2/22/2016 0:00,118041
2/23/2016 0:00,134370
2/24/2016 0:00,93194
2/25/2016 0:00,96052
2/26/2016 0:00,199557
2/27/2016 0:00,160392
2/28/2016 0:00,77958
2/29/2016 0:00,277728
3/1/2016 0:00,284011
3/2/2016 0:00,214550
3/3/2016 0:00,271412
3/4/2016 0:00,326113
3/5/2016 0:00,313782
3/6/2016 0:00,84064
3/7/2016 0:00,127474
3/8/2016 0:00,234092
3/9/2016 0:00,238253
3/10/2016 0:00,279683
3/11/2016 0:00,223746
3/12/2016 0:00,311275
3/13/2016 0:00,87234
3/14/2016 0:00,396185
3/15/2016 0:00,407937
3/16/2016 0:00,319398
3/17/2016 0:00,364217
3/18/2016 0:00,412377
3/19/2016 0:00,374221
3/20/2016 0:00,43166
3/21/2016 0:00,559337
3/22/2016 0:00,524237
3/23/2016 0:00,363064
3/24/2016 0:00,339849
3/25/2016 0:00,366002
3/26/2016 0:00,297527
3/27/2016 0:00,456750
3/28/2016 0:00,513562
3/29/2016 0:00,480110
3/30/2016 0:00,370328
3/31/2016 0:00,260349
4/1/2016 0:00,366016
4/2/2016 0:00,295786
4/3/2016 0:00,519735
4/4/2016 0:00,498541
4/5/2016 0:00,509780
4/6/2016 0:00,434476
4/7/2016 0:00,497593
4/8/2016 0:00,367240
4/9/2016 0:00,182018
4/10/2016 0:00,558510
4/11/2016 0:00,253739
4/12/2016 0:00,330386
4/13/2016 0:00,300024
4/14/2016 0:00,289828
4/15/2016 0:00,323584
4/16/2016 0:00,218818
4/17/2016 0:00,12702
4/18/2016 0:00,318542
4/19/2016 0:00,311245
4/20/2016 0:00,218572
4/21/2016 0:00,194527
4/22/2016 0:00,266075
4/23/2016 0:00,213918
4/24/2016 0:00,470836
4/25/2016 0:00,359230
4/26/2016 0:00,333323
4/27/2016 0:00,287168
4/28/2016 0:00,246426
4/29/2016 0:00,283491
4/30/2016 0:00,228386
5/1/2016 0:00,10799
5/2/2016 0:00,311326
5/3/2016 0:00,332060
5/4/2016 0:00,300668
5/5/2016 0:00,269937
5/6/2016 0:00,242374
5/7/2016 0:00,182132
5/8/2016 0:00,157384
5/9/2016 0:00,269647
5/10/2016 0:00,267206
5/11/2016 0:00,213328
5/12/2016 0:00,192398
5/13/2016 0:00,147277
5/14/2016 0:00,122143
5/15/2016 0:00,34608
5/16/2016 0:00,103455
5/17/2016 0:00,163781
5/18/2016 0:00,146551
5/19/2016 0:00,133514
5/20/2016 0:00,140091
5/21/2016 0:00,107356
5/22/2016 0:00,23752
5/23/2016 0:00,131881
5/24/2016 0:00,136637
5/25/2016 0:00,115603
5/26/2016 0:00,118274
5/27/2016 0:00,96628
5/28/2016 0:00,81772
5/29/2016 0:00,38469
5/30/2016 0:00,85566
5/31/2016 0:00,94516
6/1/2016 0:00,84928
6/2/2016 0:00,63112
6/3/2016 0:00,54385
6/4/2016 0:00,29003
6/5/2016 0:00,48697
6/6/2016 0:00,43130
6/7/2016 0:00,30457
6/8/2016 0:00,17263
6/9/2016 0:00,18356
6/10/2016 0:00,19539
6/11/2016 0:00,44145
6/12/2016 0:00,8077
6/13/2016 0:00,9269
6/14/2016 0:00,7483
6/15/2016 0:00,9154
6/16/2016 0:00,8519
6/17/2016 0:00,2422
6/18/2016 0:00,4484
6/19/2016 0:00,16657
6/20/2016 0:00,7431
6/21/2016 0:00,1348
6/22/2016 0:00,7402
6/23/2016 0:00,0
6/24/2016 0:00,4124
6/25/2016 0:00,5042
6/26/2016 0:00,2626
6/27/2016 0:00,4160
6/28/2016 0:00,4084
6/29/2016 0:00,4251
6/30/2016 0:00,6076
7/1/2016 0:00,108
7/2/2016 0:00,770
7/3/2016 0:00,7796
7/4/2016 0:00,523.7621418
7/5/2016 0:00,3478
7/6/2016 0:00,3505
7/7/2016 0:00,67.80636649
7/8/2016 0:00,1716.075732
7/9/2016 0:00,2685.539196
7/10/2016 0:00,2523.181182
7/11/2016 0:00,0
7/12/2016 0:00,888.8390701
7/13/2016 0:00,774.7481338
7/14/2016 0:00,0
7/15/2016 0:00,0
7/16/2016 0:00,0
7/17/2016 0:00,0
7/18/2016 0:00,0
7/19/2016 0:00,0
7/20/2016 0:00,0
7/21/2016 0:00,0
7/22/2016 0:00,0
7/23/2016 0:00,0
7/24/2016 0:00,0
7/25/2016 0:00,0
7/26/2016 0:00,0
7/27/2016 0:00,0
7/28/2016 0:00,0
7/29/2016 0:00,0
7/30/2016 0:00,0
7/31/2016 0:00,0
8/1/2016 0:00,0
8/2/2016 0:00,0
8/3/2016 0:00,0
8/4/2016 0:00,0
8/5/2016 0:00,0
8/6/2016 0:00,0
8/7/2016 0:00,0
8/8/2016 0:00,5288.212304
8/9/2016 0:00,0
8/10/2016 0:00,0
8/11/2016 0:00,0
8/12/2016 0:00,0
8/13/2016 0:00,0
8/14/2016 0:00,963
8/15/2016 0:00,762
8/16/2016 0:00,0
8/17/2016 0:00,910
8/18/2016 0:00,1032
8/19/2016 0:00,0
8/20/2016 0:00,0
8/21/2016 0:00,1932
8/22/2016 0:00,1455
8/23/2016 0:00,0
8/24/2016 0:00,1814
8/25/2016 0:00,1310
8/26/2016 0:00,1548
8/27/2016 0:00,11833
8/28/2016 0:00,1575
8/29/2016 0:00,2441
8/30/2016 0:00,2373.287356
8/31/2016 0:00,1750
9/1/2016 0:00,2432
9/2/2016 0:00,1342
9/3/2016 0:00,7407
9/4/2016 0:00,2743
9/5/2016 0:00,3054
9/6/2016 0:00,548
9/7/2016 0:00,2783
9/8/2016 0:00,3160
9/9/2016 0:00,1462
9/10/2016 0:00,12922
9/11/2016 0:00,5078
9/12/2016 0:00,5062
9/13/2016 0:00,708
9/14/2016 0:00,5301
9/15/2016 0:00,7292
9/16/2016 0:00,2495
9/17/2016 0:00,14523
9/18/2016 0:00,42453
9/19/2016 0:00,34050
9/20/2016 0:00,21001
9/21/2016 0:00,43333
9/22/2016 0:00,52668
9/23/2016 0:00,39705
9/24/2016 0:00,28847
9/25/2016 0:00,76993
9/26/2016 0:00,39685
9/27/2016 0:00,25327
9/28/2016 0:00,40429
9/29/2016 0:00,53310
9/30/2016 0:00,59929
10/1/2016 0:00,38138
10/2/2016 0:00,25815
10/3/2016 0:00,87564
10/4/2016 0:00,80699
10/5/2016 0:00,78407
10/6/2016 0:00,62094
10/7/2016 0:00,71814
10/8/2016 0:00,64548
10/9/2016 0:00,21331
10/10/2016 0:00,92763
10/11/2016 0:00,107467
10/12/2016 0:00,85326
10/13/2016 0:00,76284
10/14/2016 0:00,94347
10/15/2016 0:00,92581
10/16/2016 0:00,8283
10/17/2016 0:00,128957
10/18/2016 0:00,129555
10/19/2016 0:00,119159
10/20/2016 0:00,99569
10/21/2016 0:00,105280
10/22/2016 0:00,99949
10/23/2016 0:00,15037
10/24/2016 0:00,140119
10/25/2016 0:00,150456
10/26/2016 0:00,122009
10/27/2016 0:00,129725
10/28/2016 0:00,65148
10/29/2016 0:00,66596
10/30/2016 0:00,26296
10/31/2016 0:00,129651
11/1/2016 0:00,113228
11/2/2016 0:00,100665
11/3/2016 0:00,95921
11/4/2016 0:00,99074
11/5/2016 0:00,89154
11/6/2016 0:00,15439
11/7/2016 0:00,141457
11/8/2016 0:00,135083
11/9/2016 0:00,132095
11/10/2016 0:00,121893
11/11/2016 0:00,126046
11/12/2016 0:00,107868
11/13/2016 0:00,26240
11/14/2016 0:00,166447
11/15/2016 0:00,170732
11/16/2016 0:00,126777
11/17/2016 0:00,99355
11/18/2016 0:00,110275
11/19/2016 0:00,93600
11/20/2016 0:00,159798
11/21/2016 0:00,104105
11/22/2016 0:00,119086
11/23/2016 0:00,97000
11/24/2016 0:00,45139
11/25/2016 0:00,115259
11/26/2016 0:00,79096
11/27/2016 0:00,174290
11/28/2016 0:00,113569
11/29/2016 0:00,96899
11/30/2016 0:00,73919
12/1/2016 0:00,49746
12/2/2016 0:00,82266
12/3/2016 0:00,49434
12/4/2016 0:00,104410
12/5/2016 0:00,102237
12/6/2016 0:00,105759
12/7/2016 0:00,72854
12/8/2016 0:00,62710
12/9/2016 0:00,106751
12/10/2016 0:00,88712
12/11/2016 0:00,111817
12/12/2016 0:00,119409
12/13/2016 0:00,146937
12/14/2016 0:00,139249
12/15/2016 0:00,101200
12/16/2016 0:00,36476
12/17/2016 0:00,54595
12/18/2016 0:00,78906
12/19/2016 0:00,45114
12/20/2016 0:00,37602
12/21/2016 0:00,29381
12/22/2016 0:00,42064
12/23/2016 0:00,56260
12/24/2016 0:00,14797
12/25/2016 0:00,59034.43366
12/26/2016 0:00,56130
12/27/2016 0:00,75042
12/28/2016 0:00,64471
12/29/2016 0:00,65168
12/30/2016 0:00,67137
12/31/2016 0:00,44846
1/1/2017 0:00,53830.76153
1/2/2017 0:00,82990
1/3/2017 0:00,95182
1/4/2017 0:00,75597
1/5/2017 0:00,44022
1/6/2017 0:00,39134
1/7/2017 0:00,28473
1/8/2017 0:00,109650
1/9/2017 0:00,42847
1/10/2017 0:00,54317
1/11/2017 0:00,55153
1/12/2017 0:00,43942
1/13/2017 0:00,53128
1/14/2017 0:00,44303
1/15/2017 0:00,117945
1/16/2017 0:00,65904
1/17/2017 0:00,73335
1/18/2017 0:00,67562
1/19/2017 0:00,60466
1/20/2017 0:00,48957
1/21/2017 0:00,55925
1/22/2017 0:00,98927
1/23/2017 0:00,25748
1/24/2017 0:00,23842
1/25/2017 0:00,17407
1/26/2017 0:00,17965
1/27/2017 0:00,17053
1/28/2017 0:00,19137
1/29/2017 0:00,147473
1/30/2017 0:00,72320
1/31/2017 0:00,119051
2/1/2017 0:00,162340
2/2/2017 0:00,116666
2/3/2017 0:00,119523
2/4/2017 0:00,117921
2/5/2017 0:00,41250
2/6/2017 0:00,71385
2/7/2017 0:00,75087
2/8/2017 0:00,47470
2/9/2017 0:00,63313
2/10/2017 0:00,58372
2/11/2017 0:00,57661
2/12/2017 0:00,167624
2/13/2017 0:00,72284
2/14/2017 0:00,74354
2/15/2017 0:00,63374
2/16/2017 0:00,78272
2/17/2017 0:00,23130
2/18/2017 0:00,17174
2/19/2017 0:00,180735
2/20/2017 0:00,13326
2/21/2017 0:00,9778
2/22/2017 0:00,12816
2/23/2017 0:00,9231
2/24/2017 0:00,23899
2/25/2017 0:00,36922
2/26/2017 0:00,114260
2/27/2017 0:00,70124
2/28/2017 0:00,77958
3/1/2017 0:00,75287
3/2/2017 0:00,67644
3/3/2017 0:00,154511
3/4/2017 0:00,138405
3/5/2017 0:00,191738
3/6/2017 0:00,200131
3/7/2017 0:00,207150
3/8/2017 0:00,132319
3/9/2017 0:00,157464
3/10/2017 0:00,215277
3/11/2017 0:00,155493
3/12/2017 0:00,233006
3/13/2017 0:00,320572
3/14/2017 0:00,297928
3/15/2017 0:00,214028
3/16/2017 0:00,258969
3/17/2017 0:00,308633
3/18/2017 0:00,272187
3/19/2017 0:00,136378
3/20/2017 0:00,559050
3/21/2017 0:00,402379
3/22/2017 0:00,289496
3/23/2017 0:00,268668
3/24/2017 0:00,248015
3/25/2017 0:00,270861
3/26/2017 0:00,11423
3/27/2017 0:00,456750
3/28/2017 0:00,461220
3/29/2017 0:00,406551
3/30/2017 0:00,390942
3/31/2017 0:00,383508
4/1/2017 0:00,351929
4/2/2017 0:00,478256
4/3/2017 0:00,519735
4/4/2017 0:00,507624
4/5/2017 0:00,383633
4/6/2017 0:00,449014
4/7/2017 0:00,497377
4/8/2017 0:00,313765
4/9/2017 0:00,23661
4/10/2017 0:00,558510
4/11/2017 0:00,598005
4/12/2017 0:00,574276
4/13/2017 0:00,531835
4/14/2017 0:00,507883
4/15/2017 0:00,411611
4/16/2017 0:00,481676
4/17/2017 0:00,540574
4/18/2017 0:00,542555
4/19/2017 0:00,547198
4/20/2017 0:00,472123
4/21/2017 0:00,439615
4/22/2017 0:00,371890
4/23/2017 0:00,60319
4/24/2017 0:00,470836
4/25/2017 0:00,473157
4/26/2017 0:00,393345
4/27/2017 0:00,376738
4/28/2017 0:00,317981
4/29/2017 0:00,255927
4/30/2017 0:00,46410
5/1/2017 0:00,293136
5/2/2017 0:00,278446
5/3/2017 0:00,241620
5/4/2017 0:00,225229
5/5/2017 0:00,219585
5/6/2017 0:00,162135
5/7/2017 0:00,15571
5/8/2017 0:00,157384
5/9/2017 0:00,142032
5/10/2017 0:00,128823
5/11/2017 0:00,127968
5/12/2017 0:00,124260
5/13/2017 0:00,75361
5/14/2017 0:00,181457
5/15/2017 0:00,133365
5/16/2017 0:00,124577
5/17/2017 0:00,91051
5/18/2017 0:00,90223
5/19/2017 0:00,75801
5/20/2017 0:00,53472
5/21/2017 0:00,5696
5/22/2017 0:00,89852
5/23/2017 0:00,101562
5/24/2017 0:00,96081
5/25/2017 0:00,107039
5/26/2017 0:00,87493
5/27/2017 0:00,57998
5/28/2017 0:00,9504
5/29/2017 0:00,73121
5/30/2017 0:00,66324
5/31/2017 0:00,61030
6/1/2017 0:00,54865
6/2/2017 0:00,53625
6/3/2017 0:00,35641
6/4/2017 0:00,1466
6/5/2017 0:00,48697
6/6/2017 0:00,43130
6/7/2017 0:00,30457
6/8/2017 0:00,17263
6/9/2017 0:00,18356
6/10/2017 0:00,19539
6/11/2017 0:00,1540
6/12/2017 0:00,8077
6/13/2017 0:00,9269
6/14/2017 0:00,7483
6/15/2017 0:00,9154
6/16/2017 0:00,8519
6/17/2017 0:00,2422
6/18/2017 0:00,549
6/19/2017 0:00,16657
6/20/2017 0:00,7431
6/21/2017 0:00,1348
6/22/2017 0:00,7402
6/23/2017 0:00,698
6/24/2017 0:00,4124
6/25/2017 0:00,967
6/26/2017 0:00,1057
6/27/2017 0:00,256
6/28/2017 0:00,245
6/29/2017 0:00,711
6/30/2017 0:00,6076
7/1/2017 0:00,108
7/2/2017 0:00,581
7/3/2017 0:00,7796
7/4/2017 0:00,253
7/5/2017 0:00,3478
7/6/2017 0:00,3505
7/7/2017 0:00,20537.26078
7/8/2017 0:00,23898.75116
7/9/2017 0:00,285
7/10/2017 0:00,32457.92776
7/11/2017 0:00,30097.87726
7/12/2017 0:00,33624.72916
7/13/2017 0:00,42506.02626
7/14/2017 0:00,49320.11798
7/15/2017 0:00,49375.72149
7/16/2017 0:00,47034.46574
7/17/2017 0:00,55841.39271
7/18/2017 0:00,58891.72152
7/19/2017 0:00,58589.7041
7/20/2017 0:00,61705.11116
7/21/2017 0:00,68505.17715
7/22/2017 0:00,66670.18411
7/23/2017 0:00,66818.23504
7/24/2017 0:00,72341.06637
7/25/2017 0:00,73161.39567
7/26/2017 0:00,72058.89177
7/27/2017 0:00,74532.6393
7/28/2017 0:00,78271.96622
7/29/2017 0:00,77240.28029
7/30/2017 0:00,76470.97538
7/31/2017 0:00,81247.63651
8/1/2017 0:00,81206.98721
8/2/2017 0:00,79223.7674
8/3/2017 0:00,79269.03097
8/4/2017 0:00,80040.3898
8/5/2017 0:00,78204.51048
8/6/2017 0:00,78633.34329
8/7/2017 0:00,237
8/8/2017 0:00,102289.5221
8/9/2017 0:00,59697.385
8/10/2017 0:00,55523.70362
8/11/2017 0:00,632
8/12/2017 0:00,71329.18808
8/13/2017 0:00,50310.31758
8/14/2017 0:00,963
8/15/2017 0:00,762
8/16/2017 0:00,964
8/17/2017 0:00,910
8/18/2017 0:00,1032
8/19/2017 0:00,41261.23224
8/20/2017 0:00,1470
8/21/2017 0:00,1932
8/22/2017 0:00,1455
8/23/2017 0:00,19638.59419
8/24/2017 0:00,1814
8/25/2017 0:00,1310
8/26/2017 0:00,1548
8/27/2017 0:00,844
8/28/2017 0:00,1575
8/29/2017 0:00,2441
8/30/2017 0:00,1880
8/31/2017 0:00,1750
9/1/2017 0:00,2432
9/2/2017 0:00,1342
9/3/2017 0:00,1912
9/4/2017 0:00,2743
9/5/2017 0:00,3054
9/6/2017 0:00,548
9/7/2017 0:00,2783
9/8/2017 0:00,3160
9/9/2017 0:00,1462
9/10/2017 0:00,3528
9/11/2017 0:00,5078
9/12/2017 0:00,5062
9/13/2017 0:00,708
9/14/2017 0:00,5301
9/15/2017 0:00,7292
9/16/2017 0:00,2495
9/17/2017 0:00,32900
9/18/2017 0:00,42453
9/19/2017 0:00,34050
9/20/2017 0:00,21001
9/21/2017 0:00,43333
9/22/2017 0:00,52668
9/23/2017 0:00,39705
9/24/2017 0:00,6422
9/25/2017 0:00,76993
9/26/2017 0:00,77013
9/27/2017 0:00,49664
9/28/2017 0:00,81933
9/29/2017 0:00,83689
9/30/2017 0:00,67415
10/1/2017 0:00,2383
10/2/2017 0:00,117708
10/3/2017 0:00,116755
10/4/2017 0:00,68234
10/5/2017 0:00,82608
10/6/2017 0:00,92719
10/7/2017 0:00,73421
10/8/2017 0:00,9399
10/9/2017 0:00,140284
10/10/2017 0:00,133777
10/11/2017 0:00,101520
10/12/2017 0:00,110176
10/13/2017 0:00,111126
10/14/2017 0:00,127362
10/15/2017 0:00,39596
10/16/2017 0:00,153154
10/17/2017 0:00,170537
10/18/2017 0:00,178696
10/19/2017 0:00,174862
10/20/2017 0:00,164482
10/21/2017 0:00,138207
10/22/2017 0:00,64752
10/23/2017 0:00,157777
10/24/2017 0:00,153467
10/25/2017 0:00,152424
10/26/2017 0:00,153067
10/27/2017 0:00,164479
10/28/2017 0:00,154681
10/29/2017 0:00,22914
10/30/2017 0:00,206260
10/31/2017 0:00,193743
11/1/2017 0:00,173339
11/2/2017 0:00,158116
11/3/2017 0:00,165273
11/4/2017 0:00,139023
11/5/2017 0:00,34234
11/6/2017 0:00,184920
11/7/2017 0:00,195349
11/8/2017 0:00,162117
11/9/2017 0:00,120984
11/10/2017 0:00,143092
11/11/2017 0:00,113701
11/12/2017 0:00,3288
11/13/2017 0:00,171259
11/14/2017 0:00,155183
11/15/2017 0:00,126916
11/16/2017 0:00,85125
11/17/2017 0:00,143107
11/18/2017 0:00,116366
11/19/2017 0:00,12694
11/20/2017 0:00,159798
11/21/2017 0:00,152910
11/22/2017 0:00,131511
11/23/2017 0:00,46590
11/24/2017 0:00,141397
11/25/2017 0:00,146874
11/26/2017 0:00,27336
11/27/2017 0:00,174290
11/28/2017 0:00,158119
11/29/2017 0:00,102819
11/30/2017 0:00,78027
12/1/2017 0:00,94198
12/2/2017 0:00,55616
12/3/2017 0:00,104793
12/4/2017 0:00,104410
12/5/2017 0:00,68148
12/6/2017 0:00,61184
12/7/2017 0:00,65949
12/8/2017 0:00,44990
12/9/2017 0:00,62891
12/10/2017 0:00,31500
12/11/2017 0:00,111817
12/12/2017 0:00,78560
12/13/2017 0:00,100289
12/14/2017 0:00,107198
12/15/2017 0:00,100604
12/16/2017 0:00,75662
12/17/2017 0:00,544
12/18/2017 0:00,78906
12/19/2017 0:00,81370
12/20/2017 0:00,73090
12/21/2017 0:00,59394
12/22/2017 0:00,71382
12/23/2017 0:00,51744
12/24/2017 0:00,49440
12/25/2017 0:00,58305.65143
12/26/2017 0:00,85470
12/27/2017 0:00,101346
12/28/2017 0:00,95293
12/29/2017 0:00,99709
12/30/2017 0:00,93031
12/31/2017 0:00,4641
1/1/2018 0:00,84364.07053
1/2/2018 0:00,153329
1/3/2018 0:00,163449
1/4/2018 0:00,156560
1/5/2018 0:00,162323
1/6/2018 0:00,142980
1/7/2018 0:00,64126
1/8/2018 0:00,109650
1/9/2018 0:00,42455
1/10/2018 0:00,55865
1/11/2018 0:00,58913
1/12/2018 0:00,52404
1/13/2018 0:00,60576
1/14/2018 0:00,648
1/15/2018 0:00,117945
1/16/2018 0:00,145893
1/17/2018 0:00,128538
1/18/2018 0:00,109358
1/19/2018 0:00,151540
1/20/2018 0:00,89162
1/21/2018 0:00,27683
1/22/2018 0:00,98927
1/23/2018 0:00,93497
1/24/2018 0:00,81710
1/25/2018 0:00,71269
1/26/2018 0:00,91692
1/27/2018 0:00,61282
1/28/2018 0:00,2560
1/29/2018 0:00,147473
1/30/2018 0:00,142622
1/31/2018 0:00,132138
2/1/2018 0:00,104150
2/2/2018 0:00,143049
2/3/2018 0:00,84812
2/4/2018 0:00,25065
2/5/2018 0:00,154772
2/6/2018 0:00,125306
2/7/2018 0:00,103650
2/8/2018 0:00,102925
2/9/2018 0:00,122562
2/10/2018 0:00,100035
2/11/2018 0:00,51237
2/12/2018 0:00,167624
2/13/2018 0:00,153426
2/14/2018 0:00,90286
2/15/2018 0:00,79692
2/16/2018 0:00,146976
2/17/2018 0:00,87996
2/18/2018 0:00,69184
2/19/2018 0:00,180735
2/20/2018 0:00,149754
2/21/2018 0:00,101207
2/22/2018 0:00,56330
2/23/2018 0:00,123398
2/24/2018 0:00,90446
2/25/2018 0:00,106779
2/26/2018 0:00,114260
2/27/2018 0:00,176510
2/28/2018 0:00,131408
3/1/2018 0:00,149627
3/2/2018 0:00,85834
3/3/2018 0:00,112953
3/4/2018 0:00,166174
3/5/2018 0:00,191738
3/6/2018 0:00,213515
3/7/2018 0:00,161794
3/8/2018 0:00,169194
3/9/2018 0:00,240544
3/10/2018 0:00,169237
3/11/2018 0:00,18998
3/12/2018 0:00,233006
3/13/2018 0:00,203743
3/14/2018 0:00,149861
3/15/2018 0:00,150778
3/16/2018 0:00,148748
3/17/2018 0:00,116452
3/18/2018 0:00,6215
3/19/2018 0:00,216933
3/20/2018 0:00,235771
3/21/2018 0:00,73192
3/22/2018 0:00,46368
3/23/2018 0:00,53855
3/24/2018 0:00,60091
3/25/2018 0:00,5385
3/26/2018 0:00,160706
3/27/2018 0:00,197364
3/28/2018 0:00,191078
3/29/2018 0:00,258684
3/30/2018 0:00,296875
3/31/2018 0:00,330264
4/1/2018 0:00,596948
4/2/2018 0:00,478256
4/3/2018 0:00,498051
4/4/2018 0:00,474281
4/5/2018 0:00,420268
4/6/2018 0:00,462438
4/7/2018 0:00,393219
4/8/2018 0:00,8407
4/9/2018 0:00,566103
4/10/2018 0:00,559576
4/11/2018 0:00,486665
4/12/2018 0:00,405181
4/13/2018 0:00,414952
4/14/2018 0:00,334359
4/15/2018 0:00,37163
4/16/2018 0:00,481676
4/17/2018 0:00,482519
4/18/2018 0:00,389278
4/19/2018 0:00,374325
4/20/2018 0:00,363266
4/21/2018 0:00,287563
4/22/2018 0:00,20973
4/23/2018 0:00,523738
4/24/2018 0:00,585684
4/25/2018 0:00,505597
4/26/2018 0:00,464920
4/27/2018 0:00,444866
4/28/2018 0:00,356812
4/29/2018 0:00,22659
4/30/2018 0:00,466105
5/1/2018 0:00,498955
5/2/2018 0:00,429738
5/3/2018 0:00,324226
5/4/2018 0:00,290600
5/5/2018 0:00,261177
5/6/2018 0:00,17346
5/7/2018 0:00,389093
5/8/2018 0:00,351473
5/9/2018 0:00,235188
5/10/2018 0:00,141004
5/11/2018 0:00,180768
5/12/2018 0:00,134322
5/13/2018 0:00,4868
5/14/2018 0:00,181457
5/15/2018 0:00,176646
5/16/2018 0:00,141896
5/17/2018 0:00,136450
5/18/2018 0:00,124605
5/19/2018 0:00,95868
5/20/2018 0:00,1763
5/21/2018 0:00,133741
5/22/2018 0:00,143420
5/23/2018 0:00,136249
5/24/2018 0:00,100069
5/25/2018 0:00,90118
5/26/2018 0:00,61726
5/27/2018 0:00,66650
5/28/2018 0:00,5427
5/29/2018 0:00,3932
5/30/2018 0:00,2269
5/31/2018 0:00,2079
6/1/2018 0:00,2231
6/2/2018 0:00,1087
6/3/2018 0:00,4864
6/4/2018 0:00,1466
6/5/2018 0:00,1953
6/6/2018 0:00,1627
6/7/2018 0:00,2202
6/8/2018 0:00,3184
6/9/2018 0:00,1888
6/10/2018 0:00,3615
6/11/2018 0:00,1540
6/12/2018 0:00,1488
6/13/2018 0:00,1376
6/14/2018 0:00,1462
6/15/2018 0:00,1947
6/16/2018 0:00,1205
6/17/2018 0:00,2535
6/18/2018 0:00,549
6/19/2018 0:00,1241
6/20/2018 0:00,1350
6/21/2018 0:00,1661
6/22/2018 0:00,798
6/23/2018 0:00,698
6/24/2018 0:00,975
6/25/2018 0:00,967
6/26/2018 0:00,1057
6/27/2018 0:00,256
6/28/2018 0:00,245
6/29/2018 0:00,711
6/30/2018 0:00,544
7/1/2018 0:00,865
7/2/2018 0:00,581
7/3/2018 0:00,605
7/4/2018 0:00,253
7/5/2018 0:00,508
7/6/2018 0:00,440
7/7/2018 0:00,0
7/8/2018 0:00,511
7/9/2018 0:00,285
7/10/2018 0:00,0
7/11/2018 0:00,0
7/12/2018 0:00,0
7/13/2018 0:00,136
7/14/2018 0:00,0
7/15/2018 0:00,0
7/16/2018 0:00,68
7/17/2018 0:00,0
7/18/2018 0:00,0
7/19/2018 0:00,0
7/20/2018 0:00,48
7/21/2018 0:00,0
7/22/2018 0:00,0
7/23/2018 0:00,33
7/24/2018 0:00,0
7/25/2018 0:00,0
7/26/2018 0:00,36
7/27/2018 0:00,0
7/28/2018 0:00,0
7/29/2018 0:00,0
7/30/2018 0:00,0
7/31/2018 0:00,0
8/1/2018 0:00,0
8/2/2018 0:00,0
8/3/2018 0:00,0
8/4/2018 0:00,0
8/5/2018 0:00,0
8/6/2018 0:00,0
8/7/2018 0:00,237
8/8/2018 0:00,0
8/9/2018 0:00,0
8/10/2018 0:00,0
8/11/2018 0:00,632
8/12/2018 0:00,0
8/13/2018 0:00,0
8/14/2018 0:00,1082
8/15/2018 0:00,762
8/16/2018 0:00,964
8/17/2018 0:00,910
8/18/2018 0:00,35156
8/19/2018 0:00,6424.218993
8/20/2018 0:00,1470
8/21/2018 0:00,19000
8/22/2018 0:00,1455
8/23/2018 0:00,0
8/24/2018 0:00,2000
8/25/2018 0:00,1310
8/26/2018 0:00,1717
8/27/2018 0:00,844
8/28/2018 0:00,2235
8/29/2018 0:00,552
8/30/2018 0:00,1880
8/31/2018 0:00,1283
9/1/2018 0:00,1516
9/2/2018 0:00,1342
9/3/2018 0:00,1912
9/4/2018 0:00,3050
9/5/2018 0:00,2736
9/6/2018 0:00,2223
9/7/2018 0:00,2186
9/8/2018 0:00,2742
9/9/2018 0:00,4679
9/10/2018 0:00,3528
9/11/2018 0:00,11932
9/12/2018 0:00,6123
9/13/2018 0:00,15132
9/14/2018 0:00,22415
9/15/2018 0:00,10550
9/16/2018 0:00,333
9/17/2018 0:00,32900
9/18/2018 0:00,40633
9/19/2018 0:00,26547
9/20/2018 0:00,28257
9/21/2018 0:00,39955
9/22/2018 0:00,50170
9/23/2018 0:00,15546
9/24/2018 0:00,88425
9/25/2018 0:00,98492
9/26/2018 0:00,74836
9/27/2018 0:00,100247
9/28/2018 0:00,107359
9/29/2018 0:00,93833
9/30/2018 0:00,13685
10/1/2018 0:00,155958
10/2/2018 0:00,167757
10/3/2018 0:00,142665
10/4/2018 0:00,137067
10/5/2018 0:00,143742
10/6/2018 0:00,120019
10/7/2018 0:00,29623
10/8/2018 0:00,214039
10/9/2018 0:00,201613
10/10/2018 0:00,162494
10/11/2018 0:00,172929
10/12/2018 0:00,165844
10/13/2018 0:00,142357
10/14/2018 0:00,80170
10/15/2018 0:00,194712
10/16/2018 0:00,187790
10/17/2018 0:00,152755
10/18/2018 0:00,171700
10/19/2018 0:00,164238
10/20/2018 0:00,124009
10/21/2018 0:00,26659
10/22/2018 0:00,220073
10/23/2018 0:00,249698
10/24/2018 0:00,203060
10/25/2018 0:00,181840
10/26/2018 0:00,157162
10/27/2018 0:00,140938
10/28/2018 0:00,8384
10/29/2018 0:00,206922
10/30/2018 0:00,216339
10/31/2018 0:00,182099
11/1/2018 0:00,176082
11/2/2018 0:00,161630
11/3/2018 0:00,134248
11/4/2018 0:00,13680
11/5/2018 0:00,207077
11/6/2018 0:00,213933
11/7/2018 0:00,161377
11/8/2018 0:00,149462
11/9/2018 0:00,152489
11/10/2018 0:00,123125
11/11/2018 0:00,1722
11/12/2018 0:00,170685
11/13/2018 0:00,170181
11/14/2018 0:00,111890
11/15/2018 0:00,123691
11/16/2018 0:00,131057
11/17/2018 0:00,75469
11/18/2018 0:00,192363
11/19/2018 0:00,151027
11/20/2018 0:00,145421
11/21/2018 0:00,98050
11/22/2018 0:00,12480
11/23/2018 0:00,104199
11/24/2018 0:00,91398
11/25/2018 0:00,182055
11/26/2018 0:00,131035
11/27/2018 0:00,143180
11/28/2018 0:00,128861
11/29/2018 0:00,8500
11/30/2018 0:00,87705
12/1/2018 0:00,73931
12/2/2018 0:00,10400
12/3/2018 0:00,104793
12/4/2018 0:00,97790
12/5/2018 0:00,28763
12/6/2018 0:00,5330
12/7/2018 0:00,83625
12/8/2018 0:00,58475
12/9/2018 0:00,103284
12/10/2018 0:00,86438
12/11/2018 0:00,106181
12/12/2018 0:00,69428
12/13/2018 0:00,74318
12/14/2018 0:00,85850
12/15/2018 0:00,65868
12/16/2018 0:00,2169
12/17/2018 0:00,98466
12/18/2018 0:00,98137
12/19/2018 0:00,78764
12/20/2018 0:00,60738
12/21/2018 0:00,103551
12/22/2018 0:00,96936
12/23/2018 0:00,7530
12/24/2018 0:00,49440
12/25/2018 0:00,84697.60011
12/26/2018 0:00,143584
12/27/2018 0:00,142926
12/28/2018 0:00,124782
12/29/2018 0:00,89117
12/30/2018 0:00,4279
12/31/2018 0:00,83454
1/1/2019 0:00,95886.12966
1/2/2019 0:00,124677
1/3/2019 0:00,119384
1/4/2019 0:00,135939
1/5/2019 0:00,94692
1/6/2019 0:00,2613
1/7/2019 0:00,25499
1/8/2019 0:00,54743
1/9/2019 0:00,63584
1/10/2019 0:00,65714
1/11/2019 0:00,105082
1/12/2019 0:00,56886
1/13/2019 0:00,45815
1/14/2019 0:00,54553
1/15/2019 0:00,38460
1/16/2019 0:00,34723
1/17/2019 0:00,14308
1/18/2019 0:00,20973
1/19/2019 0:00,20301
1/20/2019 0:00,1296
1/21/2019 0:00,27683
1/22/2019 0:00,52181
1/23/2019 0:00,59411
1/24/2019 0:00,44341
1/25/2019 0:00,65540
1/26/2019 0:00,66761
1/27/2019 0:00,800
1/28/2019 0:00,135573
1/29/2019 0:00,118908
1/30/2019 0:00,124385
1/31/2019 0:00,21823
2/1/2019 0:00,105820
2/2/2019 0:00,6665
2/3/2019 0:00,5216
2/4/2019 0:00,25065
2/5/2019 0:00,23787
2/6/2019 0:00,6154
2/7/2019 0:00,9484
2/8/2019 0:00,33311
2/9/2019 0:00,20127
2/10/2019 0:00,144747
2/11/2019 0:00,51237
2/12/2019 0:00,58803
2/13/2019 0:00,14987
2/14/2019 0:00,33248
2/15/2019 0:00,63255
2/16/2019 0:00,34056
2/17/2019 0:00,163253
2/18/2019 0:00,69184
2/19/2019 0:00,63779
2/20/2019 0:00,15577
2/21/2019 0:00,40195
2/22/2019 0:00,70428
2/23/2019 0:00,30335
2/24/2019 0:00,366
2/25/2019 0:00,106779
2/26/2019 0:00,131764
2/27/2019 0:00,96266
2/28/2019 0:00,79175
3/1/2019 0:00,166423
3/2/2019 0:00,53976
3/3/2019 0:00,17576
3/4/2019 0:00,166174
3/5/2019 0:00,161010
3/6/2019 0:00,24443
3/7/2019 0:00,112641
3/8/2019 0:00,121154
3/9/2019 0:00,68524
3/10/2019 0:00,101915
3/11/2019 0:00,185745
3/12/2019 0:00,194331
3/13/2019 0:00,103295
3/14/2019 0:00,169965
3/15/2019 0:00,234468
3/16/2019 0:00,138413
3/17/2019 0:00,4021
3/18/2019 0:00,362269
3/19/2019 0:00,344494
3/20/2019 0:00,115112
3/21/2019 0:00,225766
3/22/2019 0:00,228166
3/23/2019 0:00,125226
3/24/2019 0:00,369824
3/25/2019 0:00,390531
3/26/2019 0:00,412222
3/27/2019 0:00,335139
3/28/2019 0:00,347831
3/29/2019 0:00,507657
3/30/2019 0:00,435390
3/31/2019 0:00,6084
4/1/2019 0:00,596948
4/2/2019 0:00,595406
4/3/2019 0:00,438494
4/4/2019 0:00,544938
4/5/2019 0:00,503342
4/6/2019 0:00,372836
4/7/2019 0:00,19982
4/8/2019 0:00,647223
4/9/2019 0:00,691420
4/10/2019 0:00,600380
4/11/2019 0:00,600260
4/12/2019 0:00,596363
4/13/2019 0:00,470924
4/14/2019 0:00,13821
4/15/2019 0:00,677000
4/16/2019 0:00,723524
4/17/2019 0:00,621435
4/18/2019 0:00,509604
4/19/2019 0:00,493145
4/20/2019 0:00,401402
4/21/2019 0:00,15543
4/22/2019 0:00,467540
4/23/2019 0:00,436849
4/24/2019 0:00,372449
4/25/2019 0:00,330457
4/26/2019 0:00,286907
4/27/2019 0:00,270153
4/28/2019 0:00,34209
4/29/2019 0:00,327588
4/30/2019 0:00,294084
5/1/2019 0:00,284461
5/2/2019 0:00,242339
5/3/2019 0:00,251087
5/4/2019 0:00,184633
5/5/2019 0:00,16635
5/6/2019 0:00,245320
5/7/2019 0:00,231284
5/8/2019 0:00,211144
5/9/2019 0:00,171190
5/10/2019 0:00,147822
5/11/2019 0:00,89585
5/12/2019 0:00,225567
5/13/2019 0:00,149523
5/14/2019 0:00,155678
5/15/2019 0:00,155889
5/16/2019 0:00,42843
5/17/2019 0:00,78371
5/18/2019 0:00,60381
5/19/2019 0:00,800
5/20/2019 0:00,60739
5/21/2019 0:00,50598
5/22/2019 0:00,50913
5/23/2019 0:00,54972
5/24/2019 0:00,58414
5/25/2019 0:00,42140
5/26/2019 0:00,7429
5/27/2019 0:00,66650
5/28/2019 0:00,76571
5/29/2019 0:00,75716
5/30/2019 0:00,65002
5/31/2019 0:00,62054
6/1/2019 0:00,41721
6/2/2019 0:00,1129
6/3/2019 0:00,4864
6/4/2019 0:00,5107
6/5/2019 0:00,4525
6/6/2019 0:00,3678
6/7/2019 0:00,3218
6/8/2019 0:00,2329
6/9/2019 0:00,1413
6/10/2019 0:00,3615
6/11/2019 0:00,3560
6/12/2019 0:00,3944
6/13/2019 0:00,2949
6/14/2019 0:00,3132
6/15/2019 0:00,1870
6/16/2019 0:00,802
6/17/2019 0:00,2535
6/18/2019 0:00,1073
6/19/2019 0:00,177
6/20/2019 0:00,899
6/21/2019 0:00,1095
6/22/2019 0:00,143
6/23/2019 0:00,698
6/24/2019 0:00,975
6/25/2019 0:00,763
6/26/2019 0:00,720
6/27/2019 0:00,792
6/28/2019 0:00,481
6/29/2019 0:00,637
6/30/2019 0:00,544
7/1/2019 0:00,865
7/2/2019 0:00,759
7/3/2019 0:00,270
7/4/2019 0:00,522
7/5/2019 0:00,325
7/6/2019 0:00,508
7/7/2019 0:00,10310.16191
7/8/2019 0:00,511
7/9/2019 0:00,285
7/10/2019 0:00,12361.02035
7/11/2019 0:00,13907.29017
7/12/2019 0:00,16505.73586
7/13/2019 0:00,136
7/14/2019 0:00,19128.54018
7/15/2019 0:00,78
7/16/2019 0:00,68
7/17/2019 0:00,19596.32005
7/18/2019 0:00,17398.49392
7/19/2019 0:00,136
7/20/2019 0:00,48
7/21/2019 0:00,14903.73593
7/22/2019 0:00,13775.38219
7/23/2019 0:00,33
7/24/2019 0:00,22894.70168
7/25/2019 0:00,21724.11602
7/26/2019 0:00,36
7/27/2019 0:00,17246.4477
7/28/2019 0:00,24056.2276
7/29/2019 0:00,22362.33593
7/30/2019 0:00,20506.74744
7/31/2019 0:00,28725.8599
8/1/2019 0:00,27624.98787
8/2/2019 0:00,23702.98884
8/3/2019 0:00,26340.86695
8/4/2019 0:00,26075.29955
8/5/2019 0:00,24505.11424
8/6/2019 0:00,24032.495
8/7/2019 0:00,237
8/8/2019 0:00,29856.66145
8/9/2019 0:00,16454.26833
8/10/2019 0:00,19289.68835
8/11/2019 0:00,632
8/12/2019 0:00,17036.37126
8/13/2019 0:00,14270.9392
8/14/2019 0:00,1082
8/15/2019 0:00,762
8/16/2019 0:00,964
8/17/2019 0:00,506
8/18/2019 0:00,35156
8/19/2019 0:00,246
8/20/2019 0:00,1470
8/21/2019 0:00,19000
8/22/2019 0:00,1455
8/23/2019 0:00,9793.47487
8/24/2019 0:00,2000
8/25/2019 0:00,1310
8/26/2019 0:00,1717
8/27/2019 0:00,844
8/28/2019 0:00,1443
8/29/2019 0:00,1255
8/30/2019 0:00,1880
8/31/2019 0:00,62
9/1/2019 0:00,2179
9/2/2019 0:00,696
9/3/2019 0:00,111
9/4/2019 0:00,1322
9/5/2019 0:00,1343
9/6/2019 0:00,375
9/7/2019 0:00,23
9/8/2019 0:00,24013
9/9/2019 0:00,4679
9/10/2019 0:00,2709
9/11/2019 0:00,2106
9/12/2019 0:00,4755
9/13/2019 0:00,1065
9/14/2019 0:00,262
9/15/2019 0:00,19873
9/16/2019 0:00,12297
9/17/2019 0:00,16232
9/18/2019 0:00,33531
9/19/2019 0:00,1971
9/20/2019 0:00,17222
9/21/2019 0:00,18925
9/22/2019 0:00,46796
9/23/2019 0:00,49229
9/24/2019 0:00,57059
9/25/2019 0:00,36619
9/26/2019 0:00,64379
9/27/2019 0:00,84263
9/28/2019 0:00,67935
9/29/2019 0:00,9733
9/30/2019 0:00,116136
10/1/2019 0:00,123478
10/2/2019 0:00,81862
10/3/2019 0:00,70964
10/4/2019 0:00,116666
10/5/2019 0:00,81127
10/6/2019 0:00,14281
10/7/2019 0:00,154328
10/8/2019 0:00,139759
10/9/2019 0:00,103228
10/10/2019 0:00,151309
10/11/2019 0:00,123630
10/12/2019 0:00,98498
10/13/2019 0:00,25243
10/14/2019 0:00,146519
10/15/2019 0:00,165940
10/16/2019 0:00,125423
10/17/2019 0:00,141170
10/18/2019 0:00,166666
10/19/2019 0:00,137720
10/20/2019 0:00,6457
10/21/2019 0:00,204390
10/22/2019 0:00,211333
10/23/2019 0:00,176364
10/24/2019 0:00,178232
10/25/2019 0:00,225719
10/26/2019 0:00,166444
10/27/2019 0:00,21908
10/28/2019 0:00,251016
10/29/2019 0:00,251623
10/30/2019 0:00,108170
10/31/2019 0:00,152196
11/1/2019 0:00,140855
11/2/2019 0:00,98832
11/3/2019 0:00,3223
11/4/2019 0:00,205761
11/5/2019 0:00,185384
11/6/2019 0:00,102722
11/7/2019 0:00,109537
11/8/2019 0:00,179276
11/9/2019 0:00,123550
11/10/2019 0:00,3372
11/11/2019 0:00,238438
11/12/2019 0:00,225394
11/13/2019 0:00,170613
11/14/2019 0:00,138282
11/15/2019 0:00,191480
11/16/2019 0:00,120249
11/17/2019 0:00,23117
11/18/2019 0:00,192363
11/19/2019 0:00,197092
11/20/2019 0:00,105672
11/21/2019 0:00,135576
11/22/2019 0:00,165395
11/23/2019 0:00,101658
11/24/2019 0:00,27245
11/25/2019 0:00,182055
11/26/2019 0:00,168399
11/27/2019 0:00,57684
11/28/2019 0:00,2370
11/29/2019 0:00,104376
11/30/2019 0:00,90291
12/1/2019 0:00,16530
12/2/2019 0:00,77487
12/3/2019 0:00,87167
12/4/2019 0:00,3050
12/5/2019 0:00,83420
12/6/2019 0:00,100945
12/7/2019 0:00,72714
12/8/2019 0:00,5097
12/9/2019 0:00,103284
12/10/2019 0:00,132080
12/11/2019 0:00,102410
12/12/2019 0:00,69728
12/13/2019 0:00,96059
12/14/2019 0:00,62526
12/15/2019 0:00,120068
12/16/2019 0:00,112071
12/17/2019 0:00,104365
12/18/2019 0:00,62694
12/19/2019 0:00,59991
12/20/2019 0:00,71301
12/21/2019 0:00,77477
12/22/2019 0:00,8310
12/23/2019 0:00,49018
12/24/2019 0:00,41637
12/25/2019 0:00,23450.58902
12/26/2019 0:00,54232
12/27/2019 0:00,59854
12/28/2019 0:00,43065
12/29/2019 0:00,10761
12/30/2019 0:00,56085
12/31/2019 0:00,51582
1/1/2020 0:00,26726.58857
1/2/2020 0:00,95732
1/3/2020 0:00,116024
1/4/2020 0:00,91780
1/5/2020 0:00,1927
1/6/2020 0:00,130053
1/7/2020 0:00,129899
1/8/2020 0:00,113588
1/9/2020 0:00,85605
1/10/2020 0:00,96713
1/11/2020 0:00,64952
1/12/2020 0:00,131348
1/13/2020 0:00,119532
1/14/2020 0:00,127523
1/15/2020 0:00,108214
1/16/2020 0:00,67703
1/17/2020 0:00,89290
1/18/2020 0:00,50329
1/19/2020 0:00,141029
1/20/2020 0:00,113956
1/21/2020 0:00,120658
1/22/2020 0:00,100941
1/23/2020 0:00,84829
1/24/2020 0:00,107012
1/25/2020 0:00,58711
1/26/2020 0:00,77927
1/27/2020 0:00,144596
1/28/2020 0:00,128581
1/29/2020 0:00,70168
1/30/2020 0:00,57723
1/31/2020 0:00,129372
2/1/2020 0:00,95928
2/2/2020 0:00,1253
2/3/2020 0:00,143525
2/4/2020 0:00,165771
2/5/2020 0:00,83545
2/6/2020 0:00,91822
2/7/2020 0:00,96302
2/8/2020 0:00,103214
2/9/2020 0:00,560
2/10/2020 0:00,144747
2/11/2020 0:00,148225
2/12/2020 0:00,92349
2/13/2020 0:00,89461
2/14/2020 0:00,136204
2/15/2020 0:00,64774
2/16/2020 0:00,158636
2/17/2020 0:00,163253
2/18/2020 0:00,148166
2/19/2020 0:00,96307
2/20/2020 0:00,95554
2/21/2020 0:00,153366
2/22/2020 0:00,49793
2/23/2020 0:00,194924
2/24/2020 0:00,182411
2/25/2020 0:00,169218
2/26/2020 0:00,99252
2/27/2020 0:00,122169
2/28/2020 0:00,191432
2/29/2020 0:00,124007
3/1/2020 0:00,247475
3/2/2020 0:00,254529
3/3/2020 0:00,255704
3/4/2020 0:00,116568
3/5/2020 0:00,185871
3/6/2020 0:00,254672
3/7/2020 0:00,175129
3/8/2020 0:00,76399
3/9/2020 0:00,477702
3/10/2020 0:00,101915
3/11/2020 0:00,321249
3/12/2020 0:00,372005
3/13/2020 0:00,266936
3/14/2020 0:00,178194
3/15/2020 0:00,62991
3/16/2020 0:00,124228
3/17/2020 0:00,203647
3/18/2020 0:00,105263
3/19/2020 0:00,168129
3/20/2020 0:00,196325
3/21/2020 0:00,210192
3/22/2020 0:00,55111
3/23/2020 0:00,380683
3/24/2020 0:00,369824
3/25/2020 0:00,244616
3/26/2020 0:00,299557
3/27/2020 0:00,335139
3/28/2020 0:00,218326
3/29/2020 0:00,15230
3/30/2020 0:00,417426
3/31/2020 0:00,458037
4/1/2020 0:00,323197
4/2/2020 0:00,408404
4/3/2020 0:00,481008
4/4/2020 0:00,458732
4/5/2020 0:00,267817
4/6/2020 0:00,232994
4/7/2020 0:00,417748
4/8/2020 0:00,348675
4/9/2020 0:00,134370
4/10/2020 0:00,246132
4/11/2020 0:00,173941
4/12/2020 0:00,22174
4/13/2020 0:00,365666
4/14/2020 0:00,488377
4/15/2020 0:00,464024
4/16/2020 0:00,485905
4/17/2020 0:00,537348
4/18/2020 0:00,438625
4/19/2020 0:00,69567
4/20/2020 0:00,624093
4/21/2020 0:00,549661
4/22/2020 0:00,439999
4/23/2020 0:00,451631
4/24/2020 0:00,451407
4/25/2020 0:00,409290
4/26/2020 0:00,74397
4/27/2020 0:00,477483
4/28/2020 0:00,479122
4/29/2020 0:00,438481
4/30/2020 0:00,374797
5/1/2020 0:00,361492
5/2/2020 0:00,269299
5/3/2020 0:00,53308
5/4/2020 0:00,319150
5/5/2020 0:00,328192
5/6/2020 0:00,264954
5/7/2020 0:00,215473
5/8/2020 0:00,208591
5/9/2020 0:00,171523
5/10/2020 0:00,15355
5/11/2020 0:00,213103
5/12/2020 0:00,225567
5/13/2020 0:00,174156
5/14/2020 0:00,194735
5/15/2020 0:00,165000
5/16/2020 0:00,123323
5/17/2020 0:00,2605
5/18/2020 0:00,103152
5/19/2020 0:00,149738
5/20/2020 0:00,102752
5/21/2020 0:00,47547
5/22/2020 0:00,39514
5/23/2020 0:00,27926
5/24/2020 0:00,712
5/25/2020 0:00,1820
5/26/2020 0:00,7429
5/27/2020 0:00,6825
5/28/2020 0:00,4722
5/29/2020 0:00,1855
5/30/2020 0:00,1141
5/31/2020 0:00,497
6/1/2020 0:00,1113
6/2/2020 0:00,1129
6/3/2020 0:00,1468
6/4/2020 0:00,1362
6/5/2020 0:00,1982
6/6/2020 0:00,1466
6/7/2020 0:00,684
6/8/2020 0:00,1549
6/9/2020 0:00,1413
6/10/2020 0:00,161
6/11/2020 0:00,847
6/12/2020 0:00,816
6/13/2020 0:00,1066
6/14/2020 0:00,327
6/15/2020 0:00,814
6/16/2020 0:00,802
6/17/2020 0:00,669
6/18/2020 0:00,652
6/19/2020 0:00,177
6/20/2020 0:00,899
6/21/2020 0:00,1095
6/22/2020 0:00,143
6/23/2020 0:00,698
6/24/2020 0:00,975
6/25/2020 0:00,763
6/26/2020 0:00,720
6/27/2020 0:00,792
6/28/2020 0:00,481
6/29/2020 0:00,637
6/30/2020 0:00,544
7/1/2020 0:00,865
7/2/2020 0:00,759
7/3/2020 0:00,270
7/4/2020 0:00,522
7/5/2020 0:00,325
7/6/2020 0:00,508
7/7/2020 0:00,9931.305443
7/8/2020 0:00,511
7/9/2020 0:00,285
7/10/2020 0:00,12671.32378
7/11/2020 0:00,13632.8881
7/12/2020 0:00,15485.09326
7/13/2020 0:00,135
7/14/2020 0:00,19741.2901
7/15/2020 0:00,78
7/16/2020 0:00,68
7/17/2020 0:00,19781.16566
7/18/2020 0:00,19861.2544
7/19/2020 0:00,136
7/20/2020 0:00,48
7/21/2020 0:00,19082.74202
7/22/2020 0:00,15676.78994
7/23/2020 0:00,33
7/24/2020 0:00,28381.74419
7/25/2020 0:00,26799.43233
7/26/2020 0:00,36
7/27/2020 0:00,21306.87519
7/28/2020 0:00,31191.0471
7/29/2020 0:00,25499.66786
7/30/2020 0:00,21887.50099
7/31/2020 0:00,37093.59303
8/1/2020 0:00,34022.26784
8/2/2020 0:00,26433.30734
8/3/2020 0:00,31037.07357
8/4/2020 0:00,41660.13552
8/5/2020 0:00,35979.2791
8/6/2020 0:00,32335.18505
8/7/2020 0:00,237
8/8/2020 0:00,48962.15239
8/9/2020 0:00,26407.35904
8/10/2020 0:00,25714.76656
8/11/2020 0:00,632
8/12/2020 0:00,26122.29348
8/13/2020 0:00,20833.12348
8/14/2020 0:00,1082
8/15/2020 0:00,762
8/16/2020 0:00,964
8/17/2020 0:00,506
8/18/2020 0:00,35156
8/19/2020 0:00,246
8/20/2020 0:00,1470
8/21/2020 0:00,19000
8/22/2020 0:00,1455
8/23/2020 0:00,14338.85918
8/24/2020 0:00,2000
8/25/2020 0:00,1310
8/26/2020 0:00,1717
8/27/2020 0:00,844
8/28/2020 0:00,1443
8/29/2020 0:00,1255
8/30/2020 0:00,1880
8/31/2020 0:00,3057
9/1/2020 0:00,2179
9/2/2020 0:00,696
9/3/2020 0:00,3266
9/4/2020 0:00,1322
9/5/2020 0:00,1343
9/6/2020 0:00,375
9/7/2020 0:00,5348
9/8/2020 0:00,24013
9/9/2020 0:00,1243
9/10/2020 0:00,12993
9/11/2020 0:00,12038
9/12/2020 0:00,4192
9/13/2020 0:00,1065
9/14/2020 0:00,21166
9/15/2020 0:00,19873
9/16/2020 0:00,9509
9/17/2020 0:00,20883
9/18/2020 0:00,31644
9/19/2020 0:00,17235
9/20/2020 0:00,17222
9/21/2020 0:00,44349
9/22/2020 0:00,46796
9/23/2020 0:00,20595
9/24/2020 0:00,45319
9/25/2020 0:00,62980
9/26/2020 0:00,26045
9/27/2020 0:00,700
9/28/2020 0:00,108745
9/29/2020 0:00,101279
9/30/2020 0:00,46836
10/1/2020 0:00,86681
10/2/2020 0:00,88097
10/3/2020 0:00,74658
10/4/2020 0:00,2450
10/5/2020 0:00,154031
10/6/2020 0:00,144932
10/7/2020 0:00,98564
10/8/2020 0:00,121070
10/9/2020 0:00,140816
10/10/2020 0:00,109245
10/11/2020 0:00,24861
10/12/2020 0:00,231410
10/13/2020 0:00,200543
10/14/2020 0:00,131543
10/15/2020 0:00,155480
10/16/2020 0:00,184488
10/17/2020 0:00,166351
10/18/2020 0:00,5952
10/19/2020 0:00,217610
10/20/2020 0:00,254423
10/21/2020 0:00,197032
10/22/2020 0:00,112657
10/23/2020 0:00,222379
10/24/2020 0:00,165918
10/25/2020 0:00,38847
10/26/2020 0:00,232988
10/27/2020 0:00,228872
10/28/2020 0:00,154296
10/29/2020 0:00,163543
10/30/2020 0:00,172754
10/31/2020 0:00,150368
11/1/2020 0:00,1620
11/2/2020 0:00,250563
11/3/2020 0:00,251795
11/4/2020 0:00,186438
11/5/2020 0:00,163556
11/6/2020 0:00,192158
11/7/2020 0:00,123039
11/8/2020 0:00,647
11/9/2020 0:00,200939
11/10/2020 0:00,184951
11/11/2020 0:00,123781
11/12/2020 0:00,127716
11/13/2020 0:00,137708
11/14/2020 0:00,74689
11/15/2020 0:00,191480
11/16/2020 0:00,205813
11/17/2020 0:00,215210
11/18/2020 0:00,183639
11/19/2020 0:00,123414
11/20/2020 0:00,208662
11/21/2020 0:00,129693
11/22/2020 0:00,955
11/23/2020 0:00,204924
11/24/2020 0:00,174762
11/25/2020 0:00,127559
11/26/2020 0:00,4862
11/27/2020 0:00,136923
11/28/2020 0:00,110629
11/29/2020 0:00,668
11/30/2020 0:00,139950
12/1/2020 0:00,139299
12/2/2020 0:00,124313
12/3/2020 0:00,59149
12/4/2020 0:00,154672
12/5/2020 0:00,82675
12/6/2020 0:00,2030
12/7/2020 0:00,147152
12/8/2020 0:00,135607
12/9/2020 0:00,121879
12/10/2020 0:00,94520
12/11/2020 0:00,146443
12/12/2020 0:00,47347
12/13/2020 0:00,96059
12/14/2020 0:00,154135
12/15/2020 0:00,120068
12/16/2020 0:00,88120
12/17/2020 0:00,58183
12/18/2020 0:00,96588
12/19/2020 0:00,38449
12/20/2020 0:00,1251
12/21/2020 0:00,127469
12/22/2020 0:00,112377
12/23/2020 0:00,105761
12/24/2020 0:00,56819
12/25/2020 0:00,110543.6075
12/26/2020 0:00,113171
12/27/2020 0:00,78660
12/28/2020 0:00,39910
12/29/2020 0:00,72617
12/30/2020 0:00,73789
12/31/2020 0:00,51996
1/1/2021 0:00,63682.7038
1/2/2021 0:00,53190
1/3/2021 0:00,3506
1/4/2021 0:00,81799
1/5/2021 0:00,85849
1/6/2021 0:00,83536
1/7/2021 0:00,68788
1/8/2021 0:00,84655
1/9/2021 0:00,49125
1/10/2021 0:00,96713
1/11/2021 0:00,122410
1/12/2021 0:00,131348
1/13/2021 0:00,100216
1/14/2021 0:00,102220
1/15/2021 0:00,135602
1/16/2021 0:00,98638
1/17/2021 0:00,4108
1/18/2021 0:00,194156
1/19/2021 0:00,141029
1/20/2021 0:00,141419
1/21/2021 0:00,127694
1/22/2021 0:00,111831
1/23/2021 0:00,84289
1/24/2021 0:00,21278
1/25/2021 0:00,98753
1/26/2021 0:00,77927
1/27/2021 0:00,36908
1/28/2021 0:00,27462
1/29/2021 0:00,31041
1/30/2021 0:00,47197
1/31/2021 0:00,872
2/1/2021 0:00,72079
2/2/2021 0:00,83236
2/3/2021 0:00,67202
2/4/2021 0:00,86038
2/5/2021 0:00,95979
2/6/2021 0:00,61512
2/7/2021 0:00,3080
2/8/2021 0:00,120611
2/9/2021 0:00,125308
2/10/2021 0:00,95664
2/11/2021 0:00,56145
2/12/2021 0:00,114427
2/13/2021 0:00,53418
2/14/2021 0:00,5697
2/15/2021 0:00,144050
2/16/2021 0:00,158636
2/17/2021 0:00,102036
2/18/2021 0:00,74347
2/19/2021 0:00,132936
2/20/2021 0:00,79014
2/21/2021 0:00,10567
2/22/2021 0:00,199538
2/23/2021 0:00,194924
2/24/2021 0:00,153055
2/25/2021 0:00,110558
2/26/2021 0:00,207847
2/27/2021 0:00,115414
2/28/2021 0:00,1700
3/1/2021 0:00,247475
3/2/2021 0:00,242400
3/3/2021 0:00,114772
3/4/2021 0:00,128723
3/5/2021 0:00,177995
3/6/2021 0:00,122062
3/7/2021 0:00,489
3/8/2021 0:00,291279
3/9/2021 0:00,313868
3/10/2021 0:00,52658
3/11/2021 0:00,98539
3/12/2021 0:00,97057
3/13/2021 0:00,82158
3/14/2021 0:00,178194
3/15/2021 0:00,168923
3/16/2021 0:00,219073
3/17/2021 0:00,89846
3/18/2021 0:00,130925
3/19/2021 0:00,226795
3/20/2021 0:00,113796
3/21/2021 0:00,210192
3/22/2021 0:00,362493
3/23/2021 0:00,330548
3/24/2021 0:00,162442
3/25/2021 0:00,190387
3/26/2021 0:00,254652
3/27/2021 0:00,149615
3/28/2021 0:00,218326
3/29/2021 0:00,320343
3/30/2021 0:00,334171
3/31/2021 0:00,173369
4/1/2021 0:00,262796
4/2/2021 0:00,295111
4/3/2021 0:00,151100
4/4/2021 0:00,896
4/5/2021 0:00,421702
4/6/2021 0:00,395710
4/7/2021 0:00,202857
4/8/2021 0:00,281446
4/9/2021 0:00,336343
4/10/2021 0:00,188159
4/11/2021 0:00,2177
4/12/2021 0:00,453865
4/13/2021 0:00,446041
4/14/2021 0:00,250315
4/15/2021 0:00,301886
4/16/2021 0:00,374634
4/17/2021 0:00,234613
4/18/2021 0:00,8276
4/19/2021 0:00,469048
4/20/2021 0:00,483975
4/21/2021 0:00,365293
4/22/2021 0:00,306520
4/23/2021 0:00,437546
4/24/2021 0:00,358813
4/25/2021 0:00,38782
4/26/2021 0:00,469061
4/27/2021 0:00,442384
4/28/2021 0:00,356081
4/29/2021 0:00,341484
4/30/2021 0:00,357786
5/1/2021 0:00,285787
5/2/2021 0:00,41932
5/3/2021 0:00,450523
5/4/2021 0:00,443508
5/5/2021 0:00,394643
5/6/2021 0:00,361630
5/7/2021 0:00,397630
5/8/2021 0:00,282320
5/9/2021 0:00,67749
5/10/2021 0:00,389223