Date,Raspberry
10/22/2011,150.75
10/23/2011,111.28
10/24/2011,144.95
10/25/2011,130.38
10/26/2011,138.38
10/27/2011,136
10/28/2011,130.12
10/29/2011,105.54
10/30/2011,54.3
10/31/2011,134.32
11/1/2011,111.86
11/2/2011,133.19
11/3/2011,111.31
11/4/2011,94.8
11/5/2011,69
11/6/2011,49.23
11/7/2011,110.06
11/8/2011,95.33
11/9/2011,86.69
11/10/2011,95.45
11/11/2011,89.41
11/12/2011,91.12
11/13/2011,57.12
11/14/2011,130.07
11/15/2011,93.32
11/16/2011,86.92
11/17/2011,85.37
11/18/2011,100.47
11/19/2011,102.59
11/20/2011,49.62
11/21/2011,100.98
11/22/2011,88.19
11/23/2011,96.92
11/24/2011,40.5
11/25/2011,92.12
11/26/2011,77.8
11/27/2011,41.76
11/28/2011,100.33
11/29/2011,70.86
11/30/2011,63.81
12/1/2011,63.76
12/2/2011,62.24
12/3/2011,60.36
12/4/2011,58.85
12/5/2011,43.24
12/6/2011,53.88
12/7/2011,74.87
12/8/2011,53.72
12/9/2011,55.25
12/10/2011,39.81
12/11/2011,32.24
12/12/2011,35.97
12/13/2011,50.28
12/14/2011,60.98
12/15/2011,52.92
12/16/2011,62.31
12/17/2011,46.63
12/18/2011,35.05
12/19/2011,61.03
12/20/2011,50.21
12/21/2011,49.31
12/22/2011,49.08
12/23/2011,49.59
12/24/2011,44
12/25/2011,14.46
12/26/2011,69.45
12/27/2011,52.56
12/28/2011,41.85
12/29/2011,35.56
12/30/2011,49.36
12/31/2011,50.08
1/1/2012,4.25
1/2/2012,75.92
1/3/2012,62.01
1/4/2012,51.9
1/5/2012,40.34
1/6/2012,40.69
1/7/2012,39.94
1/8/2012,8.32
1/9/2012,74.06
1/10/2012,59.06
1/11/2012,36.77
1/12/2012,29.54
1/13/2012,60.91
1/14/2012,46.52
1/15/2012,16.85
1/16/2012,40.41
1/17/2012,30.07
1/18/2012,35.4
1/19/2012,29.1
1/20/2012,38.76
1/21/2012,37.33
1/22/2012,16.43
1/23/2012,44.03
1/24/2012,31.1
1/25/2012,38.06
1/26/2012,35.4
1/27/2012,44.39
1/28/2012,77.06
1/29/2012,25.67
1/30/2012,49.32
1/31/2012,30.8
2/1/2012,43.66
2/2/2012,51.56
2/3/2012,72.41
2/4/2012,69.01
2/5/2012,46.13
2/6/2012,51.65
2/7/2012,43.12
2/8/2012,59.93
2/9/2012,80.27
2/10/2012,69.3
2/11/2012,47.13
2/12/2012,49.4
2/13/2012,84.5
2/14/2012,70.98
2/15/2012,69.66
2/16/2012,55.41
2/17/2012,59.08
2/18/2012,58.14
2/19/2012,50.36
2/20/2012,71.06
2/21/2012,62.71
2/22/2012,72.7
2/23/2012,67.6
2/24/2012,54.57
2/25/2012,64.43
2/26/2012,52.96
2/27/2012,77.28
2/28/2012,74.86
2/29/2012,57.9
3/1/2012,70.23
3/2/2012,71
3/3/2012,60.49
3/4/2012,33.16
3/5/2012,46.51
3/6/2012,36.62
3/7/2012,39.61
3/8/2012,58.34
3/9/2012,71.37
3/10/2012,47.45
3/11/2012,49.28
3/12/2012,54.02
3/13/2012,46.71
3/14/2012,71.01
3/15/2012,70.48
3/16/2012,53.45
3/17/2012,37.73
3/18/2012,25.61
3/19/2012,51.44
3/20/2012,43.5
3/21/2012,38.31
3/22/2012,34.49
3/23/2012,43.77
3/24/2012,46.37
3/25/2012,23.69
3/26/2012,53.71
3/27/2012,38.64
3/28/2012,50.59
3/29/2012,36.5
3/30/2012,48.49
3/31/2012,44.47
4/1/2012,28.22
4/2/2012,44.5
4/3/2012,35.23
4/4/2012,32.19
4/5/2012,36.59
4/6/2012,47.77
4/7/2012,48.47
4/8/2012,25.1
4/9/2012,45.3
4/10/2012,33.87
4/11/2012,60.66
4/12/2012,64.25
4/13/2012,64.41
4/14/2012,52.96
4/15/2012,42.45
4/16/2012,64.3
4/17/2012,43.37
4/18/2012,46.84
4/19/2012,48.77
4/20/2012,67.53
4/21/2012,62.31
4/22/2012,52.61
4/23/2012,64.19
4/24/2012,75.48
4/25/2012,92
4/26/2012,74.32
4/27/2012,51.24
4/28/2012,58.56
4/29/2012,63.64
4/30/2012,73.68
5/1/2012,76.58
5/2/2012,84.92
5/3/2012,84.5
5/4/2012,73.03
5/5/2012,57.79
5/6/2012,57.85
5/7/2012,105.36
5/8/2012,100.77
5/9/2012,102.47
5/10/2012,90.04
5/11/2012,113.51
5/12/2012,129.04
5/13/2012,104.92
5/14/2012,137.5
5/15/2012,112.06
5/16/2012,114.01
5/17/2012,118.46
5/18/2012,140.02
5/19/2012,169.95
5/20/2012,135.57
5/21/2012,212.67
5/22/2012,176.58
5/23/2012,194.17
5/24/2012,167.78
5/25/2012,205.16
5/26/2012,173.28
5/27/2012,189.14
5/28/2012,256.03
5/29/2012,225.82
5/30/2012,209.56
5/31/2012,186.76
6/1/2012,231.66
6/2/2012,271.79
6/3/2012,241.95
6/4/2012,288.81
6/5/2012,293.04
6/6/2012,277.9
6/7/2012,282.97
6/8/2012,277.14
6/9/2012,271.22
6/10/2012,284.32
6/11/2012,331.59
6/12/2012,327.19
6/13/2012,346.33
6/14/2012,346.24
6/15/2012,343.29
6/16/2012,339.89
6/17/2012,320.75
6/18/2012,298.29
6/19/2012,177.27
6/20/2012,368.73
6/21/2012,393.53
6/22/2012,338.09
6/23/2012,364.45
6/24/2012,331.86
6/25/2012,356.43
6/26/2012,303.67
6/27/2012,345.34
6/28/2012,315.1
6/29/2012,370.43
6/30/2012,364.77
7/1/2012,290.41
7/2/2012,403.21
7/3/2012,362.59
7/4/2012,343.65
7/5/2012,333.36
7/6/2012,332.59
7/7/2012,330.36
7/8/2012,243.2
7/9/2012,322.93
7/10/2012,290.02
7/11/2012,302.45
7/12/2012,294.45
7/13/2012,315.12
7/14/2012,291.32
7/15/2012,224.2
7/16/2012,265.01
7/17/2012,256.58
7/18/2012,248.65
7/19/2012,205.08
7/20/2012,184.3
7/21/2012,203.51
7/22/2012,129.42
7/23/2012,249.91
7/24/2012,210.11
7/25/2012,220.05
7/26/2012,172.93
7/27/2012,170
7/28/2012,166.02
7/29/2012,86.81
7/30/2012,219.3
7/31/2012,153.06
8/1/2012,180.79
8/2/2012,144.69
8/3/2012,188.48
8/4/2012,173.04
8/5/2012,84.76
8/6/2012,184.65
8/7/2012,148.2
8/8/2012,158.36
8/9/2012,137.27
8/10/2012,206.33
8/11/2012,207.49
8/12/2012,143.83
8/13/2012,237.03
8/14/2012,181.6
8/15/2012,212.24
8/16/2012,186.16
8/17/2012,226.18
8/18/2012,198.72
8/19/2012,149.97
8/20/2012,237.65
8/21/2012,222.16
8/22/2012,266
8/23/2012,281.56
8/24/2012,289.72
8/25/2012,260.05
8/26/2012,213.62
8/27/2012,260.33
8/28/2012,231.59
8/29/2012,219.32
8/30/2012,206.52
8/31/2012,252.46
9/1/2012,304.32
9/2/2012,285.8
9/3/2012,281.82
9/4/2012,241.34
9/5/2012,220.49
9/6/2012,242.75
9/7/2012,275.24
9/8/2012,250.1
9/9/2012,233.54
9/10/2012,268.72
9/11/2012,275.82
9/12/2012,300.89
9/13/2012,314.61
9/14/2012,293.95
9/15/2012,259.67
9/16/2012,227.41
9/17/2012,251.99
9/18/2012,270.33
9/19/2012,274.64
9/20/2012,265.61
9/21/2012,232.16
9/22/2012,225.99
9/23/2012,223.83
9/24/2012,244.71
9/25/2012,243.89
9/26/2012,242.51
9/27/2012,232.44
9/28/2012,234.33
9/29/2012,215.68
9/30/2012,191.99
10/1/2012,214.2
10/2/2012,170.68
10/3/2012,156.61
10/4/2012,194.94
10/5/2012,266.9
10/6/2012,340.67
10/7/2012,171.24
10/8/2012,198.06
10/9/2012,179.56
10/10/2012,192.92
10/11/2012,168.88
10/12/2012,177.71
10/13/2012,189.26
10/14/2012,112.19
10/15/2012,192.59
10/16/2012,172.03
10/17/2012,161.18
10/18/2012,165.71
10/19/2012,195.16
10/20/2012,203.55
10/21/2012,156.6
10/22/2012,179.06
10/23/2012,147.09
10/24/2012,120.18
10/25/2012,117.62
10/26/2012,130.22
10/27/2012,126.57
10/28/2012,50.66
10/29/2012,140.31
10/30/2012,106.44
10/31/2012,140.13
11/1/2012,114.26
11/2/2012,158.09
11/3/2012,127.58
11/4/2012,61.79
11/5/2012,147.61
11/6/2012,91.37
11/7/2012,89.96
11/8/2012,111.19
11/9/2012,106.25
11/10/2012,110.52
11/11/2012,40.97
11/12/2012,111.44
11/13/2012,76.23
11/14/2012,83.8
11/15/2012,73.05
11/16/2012,79.17
11/17/2012,78.32
11/18/2012,81.55
11/19/2012,132.86
11/20/2012,77.33
11/21/2012,105.93
11/22/2012,108.71
11/23/2012,118.18
11/24/2012,104.83
11/25/2012,42.12
11/26/2012,120.73
11/27/2012,79.88
11/28/2012,73.44
11/29/2012,90.86
11/30/2012,102.86
12/1/2012,87.86
12/2/2012,66.64
12/3/2012,108.86
12/4/2012,53.21
12/5/2012,82.85
12/6/2012,75.53
12/7/2012,80.47
12/8/2012,69.18
12/9/2012,54.91
12/10/2012,74.08
12/11/2012,62.44
12/12/2012,56.92
12/13/2012,74.98
12/14/2012,48.39
12/15/2012,48.9
12/16/2012,27.3
12/17/2012,101.27
12/18/2012,69.46
12/19/2012,61.78
12/20/2012,47.43
12/21/2012,65.55
12/22/2012,49.79
12/23/2012,41.88
12/24/2012,85.17
12/25/2012,88.55
12/26/2012,92.37
12/27/2012,61.81
12/28/2012,56.91
12/29/2012,49.84
12/30/2012,43.7
12/31/2012,52.62
1/1/2013,68.04
1/2/2013,36.98
1/3/2013,29.24
1/4/2013,25.09
1/5/2013,19.95
1/6/2013,6.32
1/7/2013,19.07
1/8/2013,19.37
1/9/2013,20.34
1/10/2013,19.84
1/11/2013,16.44
1/12/2013,12.77
1/13/2013,2.99
1/14/2013,19.4
1/15/2013,12.13
1/16/2013,16.3
1/17/2013,21.88
1/18/2013,22.39
1/19/2013,14.44
1/20/2013,7.73
1/21/2013,19.86
1/22/2013,17.95
1/23/2013,18.01
1/24/2013,22.32
1/25/2013,25.65
1/26/2013,25.9
1/27/2013,16.46
1/28/2013,12.87
1/29/2013,5.9
1/30/2013,7.78
1/31/2013,11.94
2/1/2013,19.22
2/2/2013,18.94
2/3/2013,16.7
2/4/2013,19.5
2/5/2013,16.32
2/6/2013,15.3
2/7/2013,16.4
2/8/2013,18.5
2/9/2013,16.4
2/10/2013,8.67
2/11/2013,20.32
2/12/2013,15.62
2/13/2013,16.34
2/14/2013,15.69
2/15/2013,23.11
2/16/2013,21.34
2/17/2013,11.75
2/18/2013,14.46
2/19/2013,15.87
2/20/2013,23.17
2/21/2013,24.46
2/22/2013,24.43
2/23/2013,18.4
2/24/2013,15.62
2/25/2013,16.04
2/26/2013,21.36
2/27/2013,23.97
2/28/2013,26.12
3/1/2013,21.03
3/2/2013,16.08
3/3/2013,17.64
3/4/2013,24.12
3/5/2013,25.94
3/6/2013,28.01
3/7/2013,28.67
3/8/2013,32.27
3/9/2013,25.27
3/10/2013,16.42
3/11/2013,22.12
3/12/2013,18.26
3/13/2013,19.33
3/14/2013,20.75
3/15/2013,25.51
3/16/2013,24.3
3/17/2013,12.5
3/18/2013,26.56
3/19/2013,17.72
3/20/2013,22.82
3/21/2013,19.58
3/22/2013,18.29
3/23/2013,15.57
3/24/2013,7.43
3/25/2013,20.47
3/26/2013,13.87
3/27/2013,18.37
3/28/2013,14.68
3/29/2013,16.96
3/30/2013,15.72
3/31/2013,7.23
4/1/2013,21.56
4/2/2013,12.85
4/3/2013,19.88
4/4/2013,13.46
4/5/2013,18
4/6/2013,16.62
4/7/2013,10.8
4/8/2013,18.07
4/9/2013,11.41
4/10/2013,12.51
4/11/2013,11.67
4/12/2013,14.51
4/13/2013,16.72
4/14/2013,12.54
4/15/2013,26.5
4/16/2013,17.74
4/17/2013,16.53
4/18/2013,11.63
4/19/2013,14.96
4/20/2013,13.13
4/21/2013,12.69
4/22/2013,23.69
4/23/2013,26.41
4/24/2013,27.08
4/25/2013,27.75
4/26/2013,32.88
4/27/2013,29.22
4/28/2013,19.51
4/29/2013,31.16
4/30/2013,33.8
5/1/2013,38.89
5/2/2013,27.08
5/3/2013,16.57
5/4/2013,19.51
5/5/2013,22.45
5/6/2013,39.02
5/7/2013,46.06
5/8/2013,44.57
5/9/2013,33.64
5/10/2013,38.17
5/11/2013,42.46
5/12/2013,32.11
5/13/2013,54.91
5/14/2013,37.79
5/15/2013,58.57
5/16/2013,61.17
5/17/2013,82.26
5/18/2013,73.84
5/19/2013,55.29
5/20/2013,82.25
5/21/2013,65.12
5/22/2013,83.35
5/23/2013,87.07
5/24/2013,103.77
5/25/2013,100.13
5/26/2013,95.24
5/27/2013,116.62
5/28/2013,110.15
5/29/2013,108.82
5/30/2013,105.34
5/31/2013,104.84
6/1/2013,114.92
6/2/2013,123.32
6/3/2013,140.39
6/4/2013,124.26
6/5/2013,153.68
6/6/2013,135.19
6/7/2013,139.37
6/8/2013,125.5
6/9/2013,116.78
6/10/2013,139.81
6/11/2013,147.29
6/12/2013,139.39
6/13/2013,133.24
6/14/2013,124.29
6/15/2013,134.02
6/16/2013,113.36
6/17/2013,159.01
6/18/2013,152.4
6/19/2013,136.06
6/20/2013,113.64
6/21/2013,130.72
6/22/2013,126.69
6/23/2013,115.93
6/24/2013,143.22
6/25/2013,146.4
6/26/2013,153.38
6/27/2013,123.89
6/28/2013,93.31
6/29/2013,111.59
6/30/2013,113.99
7/1/2013,155.98
7/2/2013,152.91
7/3/2013,160.11
7/4/2013,132.94
7/5/2013,131.31
7/6/2013,115.86
7/7/2013,102.4
7/8/2013,120.83
7/9/2013,107.88
7/10/2013,100.78
7/11/2013,94.35
7/12/2013,105.77
7/13/2013,123.54
7/14/2013,86.7
7/15/2013,105.19
7/16/2013,85.97
7/17/2013,108.02
7/18/2013,96
7/19/2013,90.47
7/20/2013,86.1
7/21/2013,85.39
7/22/2013,105.29
7/23/2013,102.11
7/24/2013,100
7/25/2013,90.36
7/26/2013,107.1
7/27/2013,127.42
7/28/2013,90.62
7/29/2013,127.83
7/30/2013,111.55
7/31/2013,128.08
8/1/2013,104.84
8/2/2013,121.01
8/3/2013,118.32
8/4/2013,87.87
8/5/2013,140.03
8/6/2013,123.63
8/7/2013,127.19
8/8/2013,112.21
8/9/2013,130.63
8/10/2013,125.13
8/11/2013,106.2
8/12/2013,143.39
8/13/2013,122.67
8/14/2013,139.58
8/15/2013,119.75
8/16/2013,125.69
8/17/2013,103.95
8/18/2013,125.52
8/19/2013,167.94
8/20/2013,137.89
8/21/2013,143.18
8/22/2013,110.65
8/23/2013,120.69
8/24/2013,100.63
8/25/2013,127.69
8/26/2013,141.95
8/27/2013,135.78
8/28/2013,135.93
8/29/2013,139.9
8/30/2013,138.44
8/31/2013,125.53
9/1/2013,115.91
9/2/2013,134.62
9/3/2013,134.43
9/4/2013,129.99
9/5/2013,122.55
9/6/2013,116.34
9/7/2013,108.28
9/8/2013,105.33
9/9/2013,124.32
9/10/2013,127.01
9/11/2013,118.32
9/12/2013,114.87
9/13/2013,107.08
9/14/2013,100.66
9/15/2013,89.24
9/16/2013,113.55
9/17/2013,110.5
9/18/2013,112.84
9/19/2013,107.54
9/20/2013,103.41
9/21/2013,105.43
9/22/2013,98.08
9/23/2013,112.5
9/24/2013,93.95
9/25/2013,83.54
9/26/2013,84.27
9/27/2013,99.55
9/28/2013,101.36
9/29/2013,74.59
9/30/2013,109.08
10/1/2013,94.95
10/2/2013,105.3
10/3/2013,99.95
10/4/2013,109.14
10/5/2013,101.84
10/6/2013,64.38
10/7/2013,84.04
10/8/2013,82.81
10/9/2013,95.74
10/10/2013,100.58
10/11/2013,107.92
10/12/2013,101.07
10/13/2013,60.07
10/14/2013,92.24
10/15/2013,80.4
10/16/2013,86.46
10/17/2013,63.04
10/18/2013,69.27
10/19/2013,76.15
10/20/2013,56.68
10/21/2013,103.62
10/22/2013,87.85
10/23/2013,72.41
10/24/2013,67.48
10/25/2013,70.88
10/26/2013,67.98
10/27/2013,31.03
10/28/2013,69.75
10/29/2013,54.17
10/30/2013,56.21
10/31/2013,48.77
11/1/2013,58.11
11/2/2013,53.64
11/3/2013,20.73
11/4/2013,56.52
11/5/2013,43.65
11/6/2013,50.14
11/7/2013,44.87
11/8/2013,43.03
11/9/2013,33.19
11/10/2013,15.93
11/11/2013,57.86
11/12/2013,45.85
11/13/2013,42.79
11/14/2013,44.2
11/15/2013,44.2
11/16/2013,35.36
11/17/2013,14.22
11/18/2013,56.55
11/19/2013,39.78
11/20/2013,44.59
11/21/2013,32.97
11/22/2013,42.29
11/23/2013,33.97
11/24/2013,13.49
11/25/2013,43.18
11/26/2013,30.62
11/27/2013,42.15
11/28/2013,4.97
11/29/2013,48.01
11/30/2013,38.52
12/1/2013,24.78
12/2/2013,42.79
12/3/2013,29.13
12/4/2013,20.98
12/5/2013,18.78
12/6/2013,18.08
12/7/2013,17.7
12/8/2013,12.34
12/9/2013,25.1
12/10/2013,18.41
12/11/2013,29.6
12/12/2013,22.77
12/13/2013,33.39
12/14/2013,24.3
12/15/2013,15.45
12/16/2013,39.92
12/17/2013,37.22
12/18/2013,34.61
12/19/2013,32.02
12/20/2013,31.42
12/21/2013,34.46
12/22/2013,30.62
12/23/2013,41.57
12/24/2013,39.44
12/25/2013,36.28
12/26/2013,58.59
12/27/2013,44.18
12/28/2013,28.76
12/29/2013,21.01
12/30/2013,41.42
12/31/2013,32.64
1/1/2014,2.8
1/2/2014,44.97
1/3/2014,32.97
1/4/2014,34.76
1/5/2014,13.7
1/6/2014,43.09
1/7/2014,32.76
1/8/2014,29.56
1/9/2014,15.77
1/10/2014,26.77
1/11/2014,30.04
1/12/2014,17.82
1/13/2014,38.32
1/14/2014,33.39
1/15/2014,28.51
1/16/2014,25.72
1/17/2014,25.72
1/18/2014,26.83
1/19/2014,13.46
1/20/2014,29.63
1/21/2014,22.43
1/22/2014,34.71
1/23/2014,29.52
1/24/2014,33.92
1/25/2014,33.51
1/26/2014,18.31
1/27/2014,32.7
1/28/2014,28.01
1/29/2014,34.41
1/30/2014,32.83
1/31/2014,32.17
2/1/2014,28.08
2/2/2014,20.75
2/3/2014,32.78
2/4/2014,31.78
2/5/2014,24.17
2/6/2014,28.69
2/7/2014,33.22
2/8/2014,34.53
2/9/2014,27.85
2/10/2014,39.06
2/11/2014,29.08
2/12/2014,27.36
2/13/2014,28.71
2/14/2014,31
2/15/2014,32.33
2/16/2014,25.23
2/17/2014,40.82
2/18/2014,34.91
2/19/2014,34.12
2/20/2014,32.06
2/21/2014,34.45
2/22/2014,26.59
2/23/2014,17.76
2/24/2014,31.45
2/25/2014,30.84
2/26/2014,43.29
2/27/2014,33.96
2/28/2014,20.52
3/1/2014,21.93
3/2/2014,22.88
3/3/2014,33.69
3/4/2014,31.4
3/5/2014,33.31
3/6/2014,23.29
3/7/2014,31.21
3/8/2014,27.83
3/9/2014,19.17
3/10/2014,25.48
3/11/2014,18.55
3/12/2014,28.7
3/13/2014,27.11
3/14/2014,27.61
3/15/2014,20.64
3/16/2014,18.91
3/17/2014,26.25
3/18/2014,22.25
3/19/2014,24.24
3/20/2014,31.58
3/21/2014,35.15
3/22/2014,37.94
3/23/2014,24.34
3/24/2014,37.51
3/25/2014,27.1
3/26/2014,26.43
3/27/2014,25.77
3/28/2014,31.46
3/29/2014,27.29
3/30/2014,21.3
3/31/2014,29.64
4/1/2014,25.62
4/2/2014,25.8
4/3/2014,23.63
4/4/2014,32.31
4/5/2014,31.46
4/6/2014,26.04
4/7/2014,35.29
4/8/2014,28.5
4/9/2014,26.12
4/10/2014,31.71
4/11/2014,46.19
4/12/2014,52.02
4/13/2014,52.83
4/14/2014,55.38
4/15/2014,48.51
4/16/2014,48.21
4/17/2014,48.34
4/18/2014,60.54
4/19/2014,59.1
4/20/2014,56.38
4/21/2014,60.11
4/22/2014,55.62
4/23/2014,58.19
4/24/2014,62.78
4/25/2014,60.42
4/26/2014,57.51
4/27/2014,54.03
4/28/2014,72.84
4/29/2014,49.22
4/30/2014,35.95
5/1/2014,25.68
5/2/2014,32.1
5/3/2014,42.71
5/4/2014,44.33
5/5/2014,82.97
5/6/2014,77.35
5/7/2014,86.35
5/8/2014,79.02
5/9/2014,91.44
5/10/2014,77.31
5/11/2014,63
5/12/2014,94.85
5/13/2014,71.51
5/14/2014,64.07
5/15/2014,59.98
5/16/2014,88.28
5/17/2014,111.57
5/18/2014,93.46
5/19/2014,144.99
5/20/2014,136.59
5/21/2014,124.61
5/22/2014,113.59
5/23/2014,115.53
5/24/2014,117.24
5/25/2014,101.09
5/26/2014,127.88
5/27/2014,118.99
5/28/2014,123.42
5/29/2014,134.01
5/30/2014,161.51
5/31/2014,153.64
6/1/2014,143.22
6/2/2014,158.28
6/3/2014,135.09
6/4/2014,117.58
6/5/2014,112.81
6/6/2014,107.81
6/7/2014,104.48
6/8/2014,92.87
6/9/2014,125.92
6/10/2014,114.05
6/11/2014,114.42
6/12/2014,124.21
6/13/2014,130.26
6/14/2014,124.18
6/15/2014,97.42
6/16/2014,113.18
6/17/2014,116.3
6/18/2014,139.94
6/19/2014,111.16
6/20/2014,103.2
6/21/2014,105.75
6/22/2014,98.64
6/23/2014,126.36
6/24/2014,123.5
6/25/2014,129.01
6/26/2014,111.08
6/27/2014,117
6/28/2014,123.12
6/29/2014,92.64
6/30/2014,126.9
7/1/2014,110.71
7/2/2014,141.58
7/3/2014,129.45
7/4/2014,123.26
7/5/2014,109.2
7/6/2014,76.18
7/7/2014,110.4
7/8/2014,99.93
7/9/2014,112.25
7/10/2014,115.98
7/11/2014,118.95
7/12/2014,113.8
7/13/2014,81.81
7/14/2014,117.42
7/15/2014,105.22
7/16/2014,127.56
7/17/2014,124.85
7/18/2014,121.62
7/19/2014,124.84
7/20/2014,84.25
7/21/2014,136.9
7/22/2014,107.05
7/23/2014,115.41
7/24/2014,102.92
7/25/2014,113.2
7/26/2014,117.86
7/27/2014,102.82
7/28/2014,157.73
7/29/2014,138.83
7/30/2014,138.57
7/31/2014,131.12
8/1/2014,149.89
8/2/2014,152.51
8/3/2014,127.06
8/4/2014,170.22
8/5/2014,157.55
8/6/2014,165.44
8/7/2014,150.92
8/8/2014,157.59
8/9/2014,158.71
8/10/2014,132.52
8/11/2014,172.57
8/12/2014,156.48
8/13/2014,154.06
8/14/2014,119.77
8/15/2014,139.29
8/16/2014,134.67
8/17/2014,133.31
8/18/2014,160.2
8/19/2014,145.24
8/20/2014,159.66
8/21/2014,162.16
8/22/2014,153.73
8/23/2014,143.98
8/24/2014,127.56
8/25/2014,158.16
8/26/2014,141.81
8/27/2014,133.74
8/28/2014,132.45
8/29/2014,135.23
8/30/2014,135.55
8/31/2014,119.88
9/1/2014,140.74
9/2/2014,127.17
9/3/2014,129.19
9/4/2014,131.16
9/5/2014,132.19
9/6/2014,114.24
9/7/2014,88.56
9/8/2014,108.98
9/9/2014,99.93
9/10/2014,98.53
9/11/2014,96.04
9/12/2014,96.02
9/13/2014,98.19
9/14/2014,71.96
9/15/2014,104.95
9/16/2014,83.72
9/17/2014,83.76
9/18/2014,84.29
9/19/2014,104.94
9/20/2014,94.94
9/21/2014,63.34
9/22/2014,106.98
9/23/2014,81.68
9/24/2014,83.68
9/25/2014,60.88
9/26/2014,100.77
9/27/2014,87.88
9/28/2014,57.42
9/29/2014,102.76
9/30/2014,81.07
10/1/2014,81.27
10/2/2014,62.31
10/3/2014,50.91
10/4/2014,52.62
10/5/2014,29.95
10/6/2014,74.22
10/7/2014,74.37
10/8/2014,93.04
10/9/2014,83.66
10/10/2014,95.44
10/11/2014,90.81
10/12/2014,57.93
10/13/2014,102.82
10/14/2014,95.5
10/15/2014,102.49
10/16/2014,105.41
10/17/2014,105.23
10/18/2014,101.38
10/19/2014,48.59
10/20/2014,119.48
10/21/2014,102.81
10/22/2014,85.98
10/23/2014,83.35
10/24/2014,96.17
10/25/2014,68.14
10/26/2014,54.09
10/27/2014,101.71
10/28/2014,83.99
10/29/2014,81.4
10/30/2014,79.73
10/31/2014,65.94
11/1/2014,49.95
11/2/2014,64.94
11/3/2014,86.31
11/4/2014,76.11
11/5/2014,71.13
11/6/2014,62.84
11/7/2014,67.51
11/8/2014,61.77
11/9/2014,45.31
11/10/2014,90.29
11/11/2014,92.12
11/12/2014,83.03
11/13/2014,64.35
11/14/2014,83.21
11/15/2014,66.71
11/16/2014,38.35
11/17/2014,70.95
11/18/2014,62.5
11/19/2014,57.76
11/20/2014,50.09
11/21/2014,59.7
11/22/2014,53.04
11/23/2014,42.72
11/24/2014,70.35
11/25/2014,50.19
11/26/2014,61.85
11/27/2014,15.21
11/28/2014,48.05
11/29/2014,49.23
11/30/2014,24.92
12/1/2014,37.09
12/2/2014,40.93
12/3/2014,56.57
12/4/2014,54.08
12/5/2014,52.62
12/6/2014,37.98
12/7/2014,26.09
12/8/2014,49.05
12/9/2014,51
12/10/2014,47.84
12/11/2014,50.35
12/12/2014,21.23
12/13/2014,56.58
12/14/2014,41.14
12/15/2014,42.48
12/16/2014,33.67
12/17/2014,40.27
12/18/2014,32.65
12/19/2014,37.1
12/20/2014,38.51
12/21/2014,29.24
12/22/2014,47.35
12/23/2014,49.21
12/24/2014,49.02
12/25/2014,51.47
12/26/2014,43.43
12/27/2014,31.89
12/28/2014,12.42
12/29/2014,43.08
12/30/2014,36.56
12/31/2014,24.87
1/1/2015,36.15
1/2/2015,39.47
1/3/2015,30.78
1/4/2015,7.96
1/5/2015,43.05
1/6/2015,41.12
1/7/2015,32.76
1/8/2015,28.11
1/9/2015,28.34
1/10/2015,31.05
1/11/2015,10.96
1/12/2015,47.53
1/13/2015,41.54
1/14/2015,34.32
1/15/2015,17.15
1/16/2015,30.54
1/17/2015,26.85
1/18/2015,11.24
1/19/2015,38.26
1/20/2015,26.14
1/21/2015,29.46
1/22/2015,26.34
1/23/2015,32.63
1/24/2015,26.17
1/25/2015,13.09
1/26/2015,25.09
1/27/2015,16.05
1/28/2015,26.74
1/29/2015,23.79
1/30/2015,30.48
1/31/2015,25.85
2/1/2015,10.22
2/2/2015,33.42
2/3/2015,16.26
2/4/2015,29.21
2/5/2015,16
2/6/2015,33.86
2/7/2015,27.73
2/8/2015,19.1
2/9/2015,36.99
2/10/2015,32.96
2/11/2015,33.03
2/12/2015,28.98
2/13/2015,32.91
2/14/2015,27.12
2/15/2015,19.28
2/16/2015,42.35
2/17/2015,40.58
2/18/2015,44.84
2/19/2015,39.27
2/20/2015,43.87
2/21/2015,35.48
2/22/2015,31.34
2/23/2015,39.17
2/24/2015,33.31
2/25/2015,41.03
2/26/2015,32.67
2/27/2015,34.59
2/28/2015,38.18
3/1/2015,27.05
3/2/2015,43.18
3/3/2015,35.2
3/4/2015,33
3/5/2015,28.67
3/6/2015,34.77
3/7/2015,28.07
3/8/2015,16.4
3/9/2015,31.22
3/10/2015,31.23
3/11/2015,40.88
3/12/2015,39.4
3/13/2015,36.68
3/14/2015,26.7
3/15/2015,13.58
3/16/2015,27.83
3/17/2015,29.57
3/18/2015,37.38
3/19/2015,39.85
3/20/2015,50.28
3/21/2015,43.19
3/22/2015,23.98
3/23/2015,40.41
3/24/2015,29.42
3/25/2015,34.38
3/26/2015,25.29
3/27/2015,26.55
3/28/2015,27.95
3/29/2015,19.66
3/30/2015,41.1
3/31/2015,39.73
4/1/2015,40.25
4/2/2015,35
4/3/2015,31.77
4/4/2015,29.62
4/5/2015,16.57
4/6/2015,40
4/7/2015,32.37
4/8/2015,41.5
4/9/2015,37.97
4/10/2015,42.41
4/11/2015,35.15
4/12/2015,33.46
4/13/2015,49.52
4/14/2015,40.87
4/15/2015,55.88
4/16/2015,46.52
4/17/2015,44.88
4/18/2015,39.07
4/19/2015,36.98
4/20/2015,68.21
4/21/2015,69.2
4/22/2015,66.81
4/23/2015,64.02
4/24/2015,67.04
4/25/2015,54.62
4/26/2015,43.13
4/27/2015,68.66
4/28/2015,52.27
4/29/2015,48.07
4/30/2015,47.39
5/1/2015,76.44
5/2/2015,79.38
5/3/2015,63.92
5/4/2015,99.22
5/5/2015,57.94
5/6/2015,90.33
5/7/2015,84.13
5/8/2015,86.34
5/9/2015,71.74
5/10/2015,57.1
5/11/2015,100.71
5/12/2015,79.06
5/13/2015,84.93
5/14/2015,77.4
5/15/2015,114.73
5/16/2015,109.97
5/17/2015,97.28
5/18/2015,135.54
5/19/2015,95.31
5/20/2015,111.14
5/21/2015,105.4
5/22/2015,118.35
5/23/2015,122.48
5/24/2015,91.1
5/25/2015,128.71
5/26/2015,105.3
5/27/2015,122.54
5/28/2015,118.94
5/29/2015,136.38
5/30/2015,128.62
5/31/2015,97.35
6/1/2015,144.66
6/2/2015,146.87
6/3/2015,149.98
6/4/2015,128.72
6/5/2015,130.77
6/6/2015,147.73
6/7/2015,117.45
6/8/2015,148.4
6/9/2015,107.46
6/10/2015,131.99
6/11/2015,142.93
6/12/2015,151.15
6/13/2015,144.25
6/14/2015,112.72
6/15/2015,149.68
6/16/2015,132.66
6/17/2015,133.38
6/18/2015,108.97
6/19/2015,119.68
6/20/2015,117.31
6/21/2015,92.89
6/22/2015,132.21
6/23/2015,116.6
6/24/2015,133.65
6/25/2015,126.18
6/26/2015,125.27
6/27/2015,133.74
6/28/2015,116.22
6/29/2015,162.44
6/30/2015,148.37
7/1/2015,133.14
7/2/2015,129.59
7/3/2015,171.69
7/4/2015,170.11
7/5/2015,133.67
7/6/2015,159.05
7/7/2015,150.96
7/8/2015,148.92
7/9/2015,129.61
7/10/2015,141.81
7/11/2015,145.29
7/12/2015,121.92
7/13/2015,146.18
7/14/2015,136.02
7/15/2015,149.55
7/16/2015,114.72
7/17/2015,101.65
7/18/2015,80.43
7/19/2015,138.1
7/20/2015,141.24
7/21/2015,131.24
7/22/2015,146.49
7/23/2015,150.32
7/24/2015,171.73
7/25/2015,129.07
7/26/2015,149.18
7/27/2015,155.09
7/28/2015,161.53
7/29/2015,153.32
7/30/2015,167.46
7/31/2015,165.14
8/1/2015,173.04
8/2/2015,139.87
8/3/2015,164.45
8/4/2015,142.98
8/5/2015,146.32
8/6/2015,137.36
8/7/2015,146.49
8/8/2015,135.98
8/9/2015,105.89
8/10/2015,134.45
8/11/2015,116.63
8/12/2015,116.25
8/13/2015,106.59
8/14/2015,102.24
8/15/2015,85.41
8/16/2015,55.07
8/17/2015,92.32
8/18/2015,87.52
8/19/2015,104.54
8/20/2015,101.11
8/21/2015,95.28
8/22/2015,95.03
8/23/2015,71.03
8/24/2015,104.06
8/25/2015,81.63
8/26/2015,86.89
8/27/2015,81.18
8/28/2015,81.86
8/29/2015,85.22
8/30/2015,71.88
8/31/2015,115.38
9/1/2015,110.11
9/2/2015,118.48
9/3/2015,110.95
9/4/2015,107.57
9/5/2015,94.5
9/6/2015,73.39
9/7/2015,91.71
9/8/2015,78.64
9/9/2015,80.44
9/10/2015,90.04
9/11/2015,119.54
9/12/2015,127.1
9/13/2015,110.98
9/14/2015,145.64
9/15/2015,135.72
9/16/2015,123.05
9/17/2015,103.1
9/18/2015,106.77
9/19/2015,91.65
9/20/2015,72.78
9/21/2015,91.98
9/22/2015,104.55
9/23/2015,125.72
9/24/2015,131.53
9/25/2015,129.1
9/26/2015,109.15
9/27/2015,86.56
9/28/2015,113.4
9/29/2015,118.28
9/30/2015,111.57
10/1/2015,99.67
10/2/2015,104.5
10/3/2015,91.85
10/4/2015,72.5
10/5/2015,102.97
10/6/2015,99.75
10/7/2015,108.43
10/8/2015,81.71
10/9/2015,83.06
10/10/2015,58.94
10/11/2015,47.31
10/12/2015,99.06
10/13/2015,83.57
10/14/2015,99.23
10/15/2015,89.66
10/16/2015,94.95
10/17/2015,89.5
10/18/2015,55.2
10/19/2015,95.18
10/20/2015,81.68
10/21/2015,73.32
10/22/2015,75.26
10/23/2015,80.03
10/24/2015,80.44
10/25/2015,49.11
10/26/2015,96.12
10/27/2015,82.02
10/28/2015,74.92
10/29/2015,81.88
10/30/2015,80.02
10/31/2015,61.83
11/1/2015,29.79
11/2/2015,46.53
11/3/2015,68.64
11/4/2015,53.17
11/5/2015,55.62
11/6/2015,61.98
11/7/2015,64.13
11/8/2015,29.63
11/9/2015,45
11/10/2015,46.22
11/11/2015,50.79
11/12/2015,44.35
11/13/2015,60.4
11/14/2015,52.33
11/15/2015,23.38
11/16/2015,45.34
11/17/2015,42.3
11/18/2015,46.28
11/19/2015,54.06
11/20/2015,60.61
11/21/2015,52.47
11/22/2015,24.96
11/23/2015,48.46
11/24/2015,43.86
11/25/2015,44.45
11/26/2015,17.59
11/27/2015,44.54
11/28/2015,53.03
11/29/2015,52.81
11/30/2015,52.98
12/1/2015,46.93
12/2/2015,31.69
12/3/2015,44.17
12/4/2015,52.68
12/5/2015,57.95
12/6/2015,45.62
12/7/2015,62.2
12/8/2015,65.75
12/9/2015,48.02
12/10/2015,43.34
12/11/2015,52.92
12/12/2015,41.52
12/13/2015,17.93
12/14/2015,61.22
12/15/2015,43.82
12/16/2015,32.06
12/17/2015,32.89
12/18/2015,38.6
12/19/2015,30.12
12/20/2015,15.77
12/21/2015,46.83
12/22/2015,41.57
12/23/2015,53.33
12/24/2015,40.55
12/25/2015,45.8
12/26/2015,46.84
12/27/2015,28.92
12/28/2015,33.77
12/29/2015,35.51
12/30/2015,32.65
12/31/2015,25.72
1/1/2016,40.28
1/2/2016,60.53
1/3/2016,43.89
1/4/2016,45.82
1/5/2016,28.11
1/6/2016,32.55
1/7/2016,33.74
1/8/2016,29.85
1/9/2016,42.57
1/10/2016,7.01
1/11/2016,48.32
1/12/2016,37.46
1/13/2016,27.74
1/14/2016,28.97
1/15/2016,33.2
1/16/2016,29.18
1/17/2016,10.31
1/18/2016,44.37
1/19/2016,31.69
1/20/2016,29.12
1/21/2016,29.86
1/22/2016,34.12
1/23/2016,30.03
1/24/2016,4.77
1/25/2016,31.71
1/26/2016,21.45
1/27/2016,23.8
1/28/2016,17.95
1/29/2016,19.63
1/30/2016,27.74
1/31/2016,2.95
2/1/2016,25.62
2/2/2016,15.22
2/3/2016,10.92
2/4/2016,20.16
2/5/2016,23.39
2/6/2016,24.28
2/7/2016,4.41
2/8/2016,23.28
2/9/2016,15.75
2/10/2016,12.99
2/11/2016,10.19
2/12/2016,18.64
2/13/2016,21.35
2/14/2016,13.6
2/15/2016,30.52
2/16/2016,25
2/17/2016,15.28
2/18/2016,15.08
2/19/2016,27.25
2/20/2016,35.61
2/21/2016,22.91
2/22/2016,30.43
2/23/2016,19.24
2/24/2016,22.95
2/25/2016,22.5
2/26/2016,22.81
2/27/2016,24.15
2/28/2016,18.72
2/29/2016,36.06
3/1/2016,29.6
3/2/2016,23.36
3/3/2016,23.95
3/4/2016,26.75
3/5/2016,29.01
3/6/2016,26.07
3/7/2016,21.05
3/8/2016,26.33
3/9/2016,18.89
3/10/2016,28.35
3/11/2016,20.74
3/12/2016,18.75
3/13/2016,9.62
3/14/2016,32.73
3/15/2016,22.04
3/16/2016,17.92
3/17/2016,15.74
3/18/2016,17.09
3/19/2016,20.09
3/20/2016,6.25
3/21/2016,26.34
3/22/2016,16.88
3/23/2016,16.28
3/24/2016,10.83
3/25/2016,14.61
3/26/2016,13.92
3/27/2016,6.6
3/28/2016,23
3/29/2016,14.23
3/30/2016,15.47
3/31/2016,15.57
4/1/2016,17.12
4/2/2016,17.51
4/3/2016,9.5
4/4/2016,18.97
4/5/2016,13.69
4/6/2016,16
4/7/2016,11.67
4/8/2016,17.11
4/9/2016,16.23
4/10/2016,13.78
4/11/2016,21.25
4/12/2016,15.52
4/13/2016,15.56
4/14/2016,14.09
4/15/2016,20.98
4/16/2016,24.46
4/17/2016,22.7
4/18/2016,20.79
4/19/2016,14.21
4/20/2016,22.95
4/21/2016,16.92
4/22/2016,30.48
4/23/2016,40.03
4/24/2016,30.25
4/25/2016,44.67
4/26/2016,40.15
4/27/2016,44.85
4/28/2016,46.48
4/29/2016,55.22
4/30/2016,58.23
5/1/2016,45.96
5/2/2016,82.35
5/3/2016,69.96
5/4/2016,85.19
5/5/2016,83.45
5/6/2016,98.89
5/7/2016,110.8
5/8/2016,77.49
5/9/2016,116.15
5/10/2016,91.56
5/11/2016,105.79
5/12/2016,116.98
5/13/2016,130.2
5/14/2016,126.05
5/15/2016,110.34
5/16/2016,154.09
5/17/2016,140.55
5/18/2016,164.56
5/19/2016,194.7
5/20/2016,190.25
5/21/2016,191.89
5/22/2016,153.54
5/23/2016,226.64
5/24/2016,231.91
5/25/2016,227.27
5/26/2016,227.07
5/27/2016,260.08
5/28/2016,231.79
5/29/2016,199.73
5/30/2016,254.27
5/31/2016,288.74
6/1/2016,284
6/2/2016,253.24
6/3/2016,196.82
6/4/2016,144.81
6/5/2016,241.06
6/6/2016,258.76
6/7/2016,261.18
6/8/2016,264.42
6/9/2016,244.6
6/10/2016,211.29
6/11/2016,154.93
6/12/2016,172.78
6/13/2016,196.25
6/14/2016,215.69
6/15/2016,198.96
6/16/2016,167.03
6/17/2016,177.67
6/18/2016,180.47
6/19/2016,132.09
6/20/2016,179.29
6/21/2016,150.73
6/22/2016,181.22
6/23/2016,177.16
6/24/2016,196.54
6/25/2016,179.03
6/26/2016,120.13
6/27/2016,167.29
6/28/2016,138.21
6/29/2016,141.87
6/30/2016,134.81
7/1/2016,144.31
7/2/2016,152.07
7/3/2016,97.05
7/4/2016,159.37
7/5/2016,116.39
7/6/2016,133.24
7/7/2016,113.42
7/8/2016,141.65
7/9/2016,131.13
7/10/2016,72.33
7/11/2016,145.78
7/12/2016,95.38
7/13/2016,145.6
7/14/2016,122.54
7/15/2016,149.2
7/16/2016,134.97
7/17/2016,75.27
7/18/2016,171.45
7/19/2016,130.11
7/20/2016,139
7/21/2016,110.76
7/22/2016,144.37
7/23/2016,150.16
7/24/2016,101.43
7/25/2016,197.47
7/26/2016,189.28
7/27/2016,190.82
7/28/2016,168.86
7/29/2016,171.44
7/30/2016,178.83
7/31/2016,115.55
8/1/2016,225.67
8/2/2016,160.85
8/3/2016,196.55
8/4/2016,150.27
8/5/2016,174.01
8/6/2016,156.85
8/7/2016,109.41
8/8/2016,173.54
8/9/2016,143.45
8/10/2016,142.11
8/11/2016,128.37
8/12/2016,147.8
8/13/2016,102.73
8/14/2016,88.18
8/15/2016,133.64
8/16/2016,107.71
8/17/2016,133.01
8/18/2016,119.41
8/19/2016,137.52
8/20/2016,129.32
8/21/2016,91.81
8/22/2016,145.7
8/23/2016,122.19
8/24/2016,127.05
8/25/2016,111.79
8/26/2016,125.23
8/27/2016,123.86
8/28/2016,112.27
8/29/2016,147.26
8/30/2016,114.02
8/31/2016,107.86
9/1/2016,102.75
9/2/2016,120.78
9/3/2016,137.43
9/4/2016,95.41
9/5/2016,126.59
9/6/2016,102.52
9/7/2016,103.86
9/8/2016,97.79
9/9/2016,139.17
9/10/2016,113.54
9/11/2016,87.56
9/12/2016,141.88
9/13/2016,118.12
9/14/2016,117.91
9/15/2016,106.39
9/16/2016,116.93
9/17/2016,111.98
9/18/2016,67.8
9/19/2016,135.07
9/20/2016,116.73
9/21/2016,131.29
9/22/2016,121.98
9/23/2016,130.86
9/24/2016,122.23
9/25/2016,84.32
9/26/2016,91.55
9/27/2016,92.15
9/28/2016,87.1
9/29/2016,102
9/30/2016,137.59
10/1/2016,143.47
10/2/2016,102.29
10/3/2016,137
10/4/2016,128.79
10/5/2016,124.21
10/6/2016,116.63
10/7/2016,113.82
10/8/2016,99.12
10/9/2016,69.55
10/10/2016,109.62
10/11/2016,117.62
10/12/2016,136.18
10/13/2016,143.97
10/14/2016,119.58
10/15/2016,105.48
10/16/2016,30.68
10/17/2016,69.76
10/18/2016,100.76
10/19/2016,83.44
10/20/2016,87.21
10/21/2016,88.74
10/22/2016,82.02
10/23/2016,98.62
10/24/2016,109.18
10/25/2016,99.69
10/26/2016,102.24
10/27/2016,78.78
10/28/2016,44.31
10/29/2016,107.07
10/30/2016,40.14
10/31/2016,95.11
11/1/2016,61.7
11/2/2016,84.78
11/3/2016,76.07
11/4/2016,77.98
11/5/2016,64.37
11/6/2016,21.79
11/7/2016,85.08
11/8/2016,72.38
11/9/2016,74.01
11/10/2016,52.81
11/11/2016,51.14
11/12/2016,47.14
11/13/2016,18.06
11/14/2016,78.98
11/15/2016,51.13
11/16/2016,51.34
11/17/2016,34.88
11/18/2016,51.44
11/19/2016,47.87
11/20/2016,21.61
11/21/2016,50.97
11/22/2016,44.58
11/23/2016,44.73
11/24/2016,26.95
11/25/2016,37.31
11/26/2016,51.52
11/27/2016,44.69
11/28/2016,35.87
11/29/2016,37.49
11/30/2016,41.31
12/1/2016,36.82
12/2/2016,48.7
12/3/2016,35.76
12/4/2016,82.16
12/5/2016,53.25
12/6/2016,42.83
12/7/2016,20.35
12/8/2016,37.81
12/9/2016,47.52
12/10/2016,54.07
12/11/2016,38.88
12/12/2016,47.04
12/13/2016,31.91
12/14/2016,45.59
12/15/2016,31.07
12/16/2016,34.45
12/17/2016,32.99
12/18/2016,15.22
12/19/2016,38.53
12/20/2016,37.57
12/21/2016,31.13
12/22/2016,29.47
12/23/2016,27.16
12/24/2016,22.34
12/25/2016,25.87
12/26/2016,35.53
12/27/2016,32.6
12/28/2016,21.6
12/29/2016,36.12
12/30/2016,39.9
12/31/2016,22.03
1/1/2017,37.88
1/2/2017,33.02
1/3/2017,26.89
1/4/2017,17.49
1/5/2017,31.28
1/6/2017,29.36
1/7/2017,30.61
1/8/2017,14.05
1/9/2017,28.88
1/10/2017,24.78
1/11/2017,19.86
1/12/2017,20.53
1/13/2017,22.78
1/14/2017,20.27
1/15/2017,24.21
1/16/2017,41.34
1/17/2017,19.6
1/18/2017,13.53
1/19/2017,18.86
1/20/2017,11.18
1/21/2017,23.69
1/22/2017,1.69
1/23/2017,19.28
1/24/2017,14.67
1/25/2017,9.77
1/26/2017,9.37
1/27/2017,20.3
1/28/2017,12.76
1/29/2017,4.05
1/30/2017,21.74
1/31/2017,12.74
2/1/2017,9.82
2/2/2017,9.13
2/3/2017,18.31
2/4/2017,23.84
2/5/2017,15.64
2/6/2017,16.39
2/7/2017,17.46
2/8/2017,17.34
2/9/2017,20.1
2/10/2017,13.36
2/11/2017,1.01
2/12/2017,7.29
2/13/2017,20.41
2/14/2017,15.88
2/15/2017,15.73
2/16/2017,10.8
2/17/2017,7.07
2/18/2017,17.29
2/19/2017,8.84
2/20/2017,18.69
2/21/2017,15.23
2/22/2017,17.45
2/23/2017,17.45
2/24/2017,15.32
2/25/2017,13.05
2/26/2017,5.54
2/27/2017,18.69
2/28/2017,14.67
3/1/2017,13.67
3/2/2017,16.84
3/3/2017,17.49
3/4/2017,13.62
3/5/2017,3.79
3/6/2017,21.01
3/7/2017,18.12
3/8/2017,30.65
3/9/2017,30.11
3/10/2017,22.26
3/11/2017,24.15
3/12/2017,10.49
3/13/2017,29.35
3/14/2017,135.44
3/15/2017,26.19
3/16/2017,24.75
3/17/2017,25.96
3/18/2017,32.6
3/19/2017,20.12
3/20/2017,35.29
3/21/2017,28.88
3/22/2017,28.01
3/23/2017,22.02
3/24/2017,22.71
3/25/2017,17.31
3/26/2017,12.13
3/27/2017,19.26
3/28/2017,13.36
3/29/2017,12.74
3/30/2017,10.73
3/31/2017,11.01
4/1/2017,15.1
4/2/2017,8.08
4/3/2017,21.74
4/4/2017,16.95
4/5/2017,17
4/6/2017,17.1
4/7/2017,17.68
4/8/2017,18.96
4/9/2017,10.85
4/10/2017,23.3
4/11/2017,17.6
4/12/2017,19.29
4/13/2017,16.13
4/14/2017,19.94
4/15/2017,17.53
4/16/2017,5.37
4/17/2017,25.09
4/18/2017,16.25
4/19/2017,23.95
4/20/2017,14.66
4/21/2017,19.48
4/22/2017,14.37
4/23/2017,11.33
4/24/2017,22.17
4/25/2017,21.71
4/26/2017,11.94
4/27/2017,28.02
4/28/2017,32
4/29/2017,28.13
4/30/2017,24.56
5/1/2017,23.26
5/2/2017,29.53
5/3/2017,37.73
5/4/2017,37.71
5/5/2017,44.87
5/6/2017,52.81
5/7/2017,28.81
5/8/2017,75.16
5/9/2017,49.87
5/10/2017,66.82
5/11/2017,51.1
5/12/2017,63.07
5/13/2017,74.39
5/14/2017,48.07
5/15/2017,94.79
5/16/2017,73.09
5/17/2017,106.44
5/18/2017,95.59
5/19/2017,111.04
5/20/2017,87.03
5/21/2017,59.95
5/22/2017,122.07
5/23/2017,125.63
5/24/2017,154.72
5/25/2017,143.39
5/26/2017,164.02
5/27/2017,155.49
5/28/2017,143.06
5/29/2017,178.12
5/30/2017,154.34
5/31/2017,176.88
6/1/2017,223.03
6/2/2017,222.94
6/3/2017,198.84
6/4/2017,168.46
6/5/2017,211.83
6/6/2017,226.19
6/7/2017,221.01
6/8/2017,210.14
6/9/2017,211.26
6/10/2017,186.27
6/11/2017,158.61
6/12/2017,162.34
6/13/2017,157.96
6/14/2017,182.2
6/15/2017,173.76
6/16/2017,167.33
6/17/2017,163.59
6/18/2017,165.61
6/19/2017,215.58
6/20/2017,199.26
6/21/2017,216.26
6/22/2017,205.52
6/23/2017,157.24
6/24/2017,131.83
6/25/2017,126.51
6/26/2017,128.08
6/27/2017,136.81
6/28/2017,155.62
6/29/2017,122.38
6/30/2017,183.29
7/1/2017,182.12
7/2/2017,140.93
7/3/2017,167.45
7/4/2017,135.37
7/5/2017,146.41
7/6/2017,119.32
7/7/2017,127.09
7/8/2017,106.85
7/9/2017,77.41
7/10/2017,137.27
7/11/2017,130.3
7/12/2017,137.97
7/13/2017,109.01
7/14/2017,123.11
7/15/2017,119.61
7/16/2017,67.51
7/17/2017,134.82
7/18/2017,85.96
7/19/2017,61.25
7/20/2017,116.82
7/21/2017,161.13
7/22/2017,145.16
7/23/2017,86.48
7/24/2017,163.24
7/25/2017,118.76
7/26/2017,151.44
7/27/2017,131.92
7/28/2017,144.38
7/29/2017,152.71
7/30/2017,168.23
7/31/2017,183.25
8/1/2017,160.74
8/2/2017,169.39
8/3/2017,137.13
8/4/2017,153.6
8/5/2017,174.21
8/6/2017,125.17
8/7/2017,208.27
8/8/2017,182.35
8/9/2017,170.52
8/10/2017,153.76
8/11/2017,171.46
8/12/2017,151.66
8/13/2017,128.82
8/14/2017,180.93
8/15/2017,167.98
8/16/2017,166.11
8/17/2017,162.08
8/18/2017,172.03
8/19/2017,146.13
8/20/2017,116.61
8/21/2017,159.96
8/22/2017,152.16
8/23/2017,140.97
8/24/2017,137.16
8/25/2017,133.8
8/26/2017,150.83
8/27/2017,100.42
8/28/2017,124.35
8/29/2017,111.11
8/30/2017,125.34
8/31/2017,114.91
9/1/2017,91.73
9/2/2017,78.95
9/3/2017,56.36
9/4/2017,105.67
9/5/2017,116.17
9/6/2017,118.22
9/7/2017,121.25
9/8/2017,129.36
9/9/2017,133.42
9/10/2017,81.32
9/11/2017,125.08
9/12/2017,117.79
9/13/2017,153.97
9/14/2017,130.68
9/15/2017,156.95
9/16/2017,143.2
9/17/2017,93.59
9/18/2017,132.14
9/19/2017,119.15
9/20/2017,112.23
9/21/2017,95.83
9/22/2017,107.87
9/23/2017,102.3
9/24/2017,83.62
9/25/2017,116.68
9/26/2017,103.78
9/27/2017,91.02
9/28/2017,77.29
9/29/2017,102.99
9/30/2017,116.78
10/1/2017,70.71
10/2/2017,124.46
10/3/2017,135.37
10/4/2017,105.63
10/5/2017,88.69
10/6/2017,108.01
10/7/2017,95.42
10/8/2017,58.93
10/9/2017,98.33
10/10/2017,100.69
10/11/2017,103.91
10/12/2017,93.29
10/13/2017,99.26
10/14/2017,86.17
10/15/2017,64.87
10/16/2017,90.46
10/17/2017,59.17
10/18/2017,60.59
10/19/2017,71.61
10/20/2017,90.44
10/21/2017,83.81
10/22/2017,42.06
10/23/2017,83.11
10/24/2017,55.68
10/25/2017,42.59
10/26/2017,36.63
10/27/2017,55.56
10/28/2017,75.09
10/29/2017,34.51
10/30/2017,92.6
10/31/2017,74.6
11/1/2017,69.15
11/2/2017,51.95
11/3/2017,52.83
11/4/2017,49.82
11/5/2017,21.27
11/6/2017,65.14
11/7/2017,53.74
11/8/2017,53.58
11/9/2017,47.29
11/10/2017,65.84
11/11/2017,39.17
11/12/2017,52.51
11/13/2017,53.87
11/14/2017,42.31
11/15/2017,41.48
11/16/2017,31.26
11/17/2017,43.48
11/18/2017,35.49
11/19/2017,7.79
11/20/2017,39.81
11/21/2017,28.08
11/22/2017,40.84
11/23/2017,12.07
11/24/2017,27.16
11/25/2017,30.54
11/26/2017,8.19
11/27/2017,43.77
11/28/2017,40.62
11/29/2017,28.09
11/30/2017,22.72
12/1/2017,23.83
12/2/2017,21.66
12/3/2017,3.02
12/4/2017,38.71
12/5/2017,17.15
12/6/2017,26.3
12/7/2017,19.3
12/8/2017,26.78
12/9/2017,19.09
12/10/2017,10.88
12/11/2017,32.76
12/12/2017,18.48
12/13/2017,18.15
12/14/2017,22.9
12/15/2017,19.41
12/16/2017,21.46
12/17/2017,10.17
12/18/2017,15.15
12/19/2017,24.51
12/20/2017,17.51
12/21/2017,12.83
12/22/2017,13.94
12/23/2017,16.92
12/24/2017,10.16
12/25/2017,24.11
12/26/2017,36.3
12/27/2017,32.19
12/28/2017,17.87
12/29/2017,22.2
12/30/2017,33.73
12/31/2017,11.66
1/1/2018,0.99
1/2/2018,53.15
1/3/2018,45.63
1/4/2018,46.25
1/5/2018,38.23
1/6/2018,39.23
1/7/2018,18.62
1/8/2018,37.82
1/9/2018,21.48
1/10/2018,36.45
1/11/2018,24.42
1/12/2018,35.5
1/13/2018,33.71
1/14/2018,15.65
1/15/2018,35.82
1/16/2018,23.41
1/17/2018,24.93
1/18/2018,36.23
1/19/2018,46.19
1/20/2018,34.33
1/21/2018,9.39
1/22/2018,28.09
1/23/2018,18.72
1/24/2018,28.97
1/25/2018,36.03
1/26/2018,24.26
1/27/2018,24.75
1/28/2018,10.64
1/29/2018,47.34
1/30/2018,35.58
1/31/2018,21.73
2/1/2018,24
2/2/2018,36.93
2/3/2018,42.77
2/4/2018,21.56
2/5/2018,37.79
2/6/2018,37.24
2/7/2018,31.92
2/8/2018,29.91
2/9/2018,37.09
2/10/2018,31.93
2/11/2018,14.76
2/12/2018,33.68
2/13/2018,30.8
2/14/2018,28.47
2/15/2018,28.01
2/16/2018,34.02
2/17/2018,25.51
2/18/2018,8.55
2/19/2018,24.29
2/20/2018,12.98
2/21/2018,13.83
2/22/2018,17.22
2/23/2018,25.24
2/24/2018,23.68
2/25/2018,2.74
2/26/2018,25.03
2/27/2018,28.96
2/28/2018,12.93
3/1/2018,15.71
3/2/2018,16.51
3/3/2018,22.84
3/4/2018,1.75
3/5/2018,25.08
3/6/2018,10.15
3/7/2018,18.98
3/8/2018,8.75
3/9/2018,19.54
3/10/2018,14.64
3/11/2018,4.28
3/12/2018,31.98
3/13/2018,25.36
3/14/2018,15.61
3/15/2018,15.21
3/16/2018,18.06
3/17/2018,18.77
3/18/2018,1.41
3/19/2018,25.72
3/20/2018,10.36
3/21/2018,12.72
3/22/2018,10.75
3/23/2018,20.74
3/24/2018,13.35
3/25/2018,4.02
3/26/2018,16.13
3/27/2018,7.74
3/28/2018,12.19
3/29/2018,12.87
3/30/2018,14.26
3/31/2018,14.65
4/1/2018,16.44
4/2/2018,26.28
4/3/2018,8.87
4/4/2018,17.25
4/5/2018,10.12
4/6/2018,24.19
4/7/2018,19.08
4/8/2018,20.79
4/9/2018,26.24
4/10/2018,10.58
4/11/2018,16.07
4/12/2018,11.57
4/13/2018,21.03
4/14/2018,20.3
4/15/2018,9.34
4/16/2018,21.75
4/17/2018,15.38
4/18/2018,16.65
4/19/2018,21.2
4/20/2018,25.72
4/21/2018,18.93
4/22/2018,10.6
4/23/2018,28.61
4/24/2018,18.37
4/25/2018,26.84
4/26/2018,26.7
4/27/2018,48.01
4/28/2018,34.41
4/29/2018,23.94
4/30/2018,46.28
5/1/2018,29.99
5/2/2018,42.35
5/3/2018,36.63
5/4/2018,48
5/5/2018,37.62
5/6/2018,18.9
5/7/2018,49.81
5/8/2018,38.71
5/9/2018,68.93
5/10/2018,53.99
5/11/2018,70.21
5/12/2018,57.26
5/13/2018,36.8
5/14/2018,94.05
5/15/2018,62.04
5/16/2018,68.49
5/17/2018,47.72
5/18/2018,75.54
5/19/2018,71.35
5/20/2018,45.3
5/21/2018,109.92
5/22/2018,81.67
5/23/2018,91.51
5/24/2018,70.05
5/25/2018,90.78
5/26/2018,85.71
5/27/2018,52.72
5/28/2018,117.04
5/29/2018,78.14
5/30/2018,101
5/31/2018,88.28
6/1/2018,121.8
6/2/2018,119.01
6/3/2018,29.24
6/4/2018,116.25
6/5/2018,109.95
6/6/2018,129.57
6/7/2018,138.69
6/8/2018,155.84
6/9/2018,141.43
6/10/2018,83.57
6/11/2018,144.63
6/12/2018,144.09
6/13/2018,149.01
6/14/2018,148.23
6/15/2018,174.76
6/16/2018,169.36
6/17/2018,127.59
6/18/2018,202.49
6/19/2018,172.95
6/20/2018,146.83
6/21/2018,128.54
6/22/2018,165.99
6/23/2018,162.87
6/24/2018,138.28
6/25/2018,211.29
6/26/2018,181.53
6/27/2018,181.62
6/28/2018,173.72
6/29/2018,180.19
6/30/2018,173.07
7/1/2018,144.37
7/2/2018,184.73
7/3/2018,195.07
7/4/2018,196.07
7/5/2018,193.66
7/6/2018,177.12
7/7/2018,154.65
7/8/2018,125.82
7/9/2018,197.11
7/10/2018,209.43
7/11/2018,230.13
7/12/2018,226.95
7/13/2018,231.04
7/14/2018,218.84
7/15/2018,162.65
7/16/2018,203.76
7/17/2018,194.08
7/18/2018,205.27
7/19/2018,197.04
7/20/2018,206.13
7/21/2018,187.55
7/22/2018,171.34
7/23/2018,205.65
7/24/2018,189.9
7/25/2018,174.72
7/26/2018,160.05
7/27/2018,183.44
7/28/2018,179.57
7/29/2018,132.12
7/30/2018,185.97
7/31/2018,148.84
8/1/2018,149.63
8/2/2018,143.95
8/3/2018,163.35
8/4/2018,166.66
8/5/2018,122.21
8/6/2018,187.39
8/7/2018,142.67
8/8/2018,152.4
8/9/2018,169.79
8/10/2018,173.08
8/11/2018,203.4
8/12/2018,114.74
8/13/2018,181.16
8/14/2018,164.73
8/15/2018,167.57
8/16/2018,161.15
8/17/2018,151.57
8/18/2018,100.46
8/19/2018,113.65
8/20/2018,184.41
8/21/2018,152.46
8/22/2018,131.01
8/23/2018,172.86
8/24/2018,163.78
8/25/2018,145.68
8/26/2018,107.72
8/27/2018,170.16
8/28/2018,174.34
8/29/2018,166.73
8/30/2018,162.6
8/31/2018,154.87
9/1/2018,146.88
9/2/2018,115.89
9/3/2018,187.57
9/4/2018,174.67
9/5/2018,175.38
9/6/2018,163.06
9/7/2018,169.01
9/8/2018,168.59
9/9/2018,121.32
9/10/2018,173.87
9/11/2018,158.06
9/12/2018,172.03
9/13/2018,168.04
9/14/2018,176.29
9/15/2018,159.94
9/16/2018,115.12
9/17/2018,174.48
9/18/2018,154.59
9/19/2018,161.71
9/20/2018,153.89
9/21/2018,168.57
9/22/2018,154.97
9/23/2018,103.02
9/24/2018,173.02
9/25/2018,167.94
9/26/2018,173.46
9/27/2018,153.53
9/28/2018,154.6
9/29/2018,153.43
9/30/2018,118.18
10/1/2018,167.85
10/2/2018,143.95
10/3/2018,127.37
10/4/2018,149.85
10/5/2018,158.14
10/6/2018,130.87
10/7/2018,87.31
10/8/2018,123.48
10/9/2018,129.15
10/10/2018,112.88
10/11/2018,104.89
10/12/2018,101.37
10/13/2018,127.27
10/14/2018,69.03
10/15/2018,123.05
10/16/2018,91.29
10/17/2018,98.74
10/18/2018,98.79
10/19/2018,116.21
10/20/2018,107.92
10/21/2018,48.22
10/22/2018,113.71
10/23/2018,103.71
10/24/2018,106.75
10/25/2018,108.67
10/26/2018,105.6
10/27/2018,99.12
10/28/2018,49.38
10/29/2018,106.16
10/30/2018,87.78
10/31/2018,90.56
11/1/2018,89.73
11/2/2018,87.96
11/3/2018,70.32
11/4/2018,36.12
11/5/2018,101.69
11/6/2018,69.33
11/7/2018,83.17
11/8/2018,57.43
11/9/2018,67.24
11/10/2018,67.43
11/11/2018,24.96
11/12/2018,59.11
11/13/2018,48.22
11/14/2018,49.46
11/15/2018,40.97
11/16/2018,40.33
11/17/2018,40.76
11/18/2018,5.42
11/19/2018,61.91
11/20/2018,45.3
11/21/2018,53.76
11/22/2018,13.26
11/23/2018,45.04
11/24/2018,54.09
11/25/2018,19
11/26/2018,55.8
11/27/2018,42.29
11/28/2018,43.97
11/29/2018,15.88
11/30/2018,53.68
12/1/2018,39.26
12/2/2018,9.58
12/3/2018,46.8
12/4/2018,27.55
12/5/2018,28.68
12/6/2018,20.32
12/7/2018,39.01
12/8/2018,27.02
12/9/2018,10.91
12/10/2018,47.32
12/11/2018,29.72
12/12/2018,13.16
12/13/2018,34.46
12/14/2018,33.38
12/15/2018,30.47
12/16/2018,8.69
12/17/2018,38.13
12/18/2018,30.7
12/19/2018,27.05
12/20/2018,20.21
12/21/2018,36.56
12/22/2018,27.81
12/23/2018,32.79
12/24/2018,22.7
12/25/2018,36.18
12/26/2018,60.19
12/27/2018,42.64
12/28/2018,28.51
12/29/2018,21.59
12/30/2018,26.68
12/31/2018,25.44
1/1/2019,34.95
1/2/2019,44.46
1/3/2019,32.12
1/4/2019,32.9
1/5/2019,18.43
1/6/2019,11.43
1/7/2019,42.6
1/8/2019,43.85
1/9/2019,35.43
1/10/2019,40.31
1/11/2019,35.41
1/12/2019,32.12
1/13/2019,14.75
1/14/2019,37.47
1/15/2019,33.58
1/16/2019,33.04
1/17/2019,32.63
1/18/2019,45.23
1/19/2019,39.99
1/20/2019,29.29
1/21/2019,36.32
1/22/2019,26.9
1/23/2019,23.6
1/24/2019,34.19
1/25/2019,43.44
1/26/2019,44.43
1/27/2019,19.17
1/28/2019,32.87
1/29/2019,27.69
1/30/2019,36
1/31/2019,18.7
2/1/2019,47.65
2/2/2019,23.12
2/3/2019,31.86
2/4/2019,34.59
2/5/2019,30.09
2/6/2019,15.11
2/7/2019,23.54
2/8/2019,20.5
2/9/2019,29.24
2/10/2019,8.62
2/11/2019,36.01
2/12/2019,29.21
2/13/2019,19.05
2/14/2019,25.53
2/15/2019,35.49
2/16/2019,23.94
2/17/2019,10.06
2/18/2019,31.2
2/19/2019,23.81
2/20/2019,13.76
2/21/2019,21.02
2/22/2019,19.39
2/23/2019,14.62
2/24/2019,6.05
2/25/2019,33.85
2/26/2019,26.07
2/27/2019,18.68
2/28/2019,23.26
3/1/2019,32.76
3/2/2019,29.01
3/3/2019,16.87
3/4/2019,37.38
3/5/2019,31.33
3/6/2019,29.98
3/7/2019,34.32
3/8/2019,32.04
3/9/2019,25.35
3/10/2019,10.69
3/11/2019,29.96
3/12/2019,23.93
3/13/2019,26.27
3/14/2019,23.25
3/15/2019,18.24
3/16/2019,18.09
3/17/2019,3.39
3/18/2019,22.59
3/19/2019,9.58
3/20/2019,16.26
3/21/2019,20.1
3/22/2019,24.69
3/23/2019,30.72
3/24/2019,21.71
3/25/2019,30.2
3/26/2019,17.92
3/27/2019,26.39
3/28/2019,22.07
3/29/2019,24.33
3/30/2019,22.25
3/31/2019,7.89
4/1/2019,27.82
4/2/2019,15.66
4/3/2019,23.05
4/4/2019,15.45
4/5/2019,29.09
4/6/2019,21.79
4/7/2019,16.66
4/8/2019,22.59
4/9/2019,15.55
4/10/2019,17.37
4/11/2019,27.45
4/12/2019,23.29
4/13/2019,30.27
4/14/2019,13.94
4/15/2019,35.97
4/16/2019,24.37
4/17/2019,29.49
4/18/2019,24.56
4/19/2019,33.16
4/20/2019,24.33
4/21/2019,12.27
4/22/2019,38.15
4/23/2019,28.92
4/24/2019,36.03
4/25/2019,22.41
4/26/2019,34.5
4/27/2019,33.99
4/28/2019,26.14
4/29/2019,55.77
4/30/2019,47.82
5/1/2019,44.07
5/2/2019,35.06
5/3/2019,36.75
5/4/2019,43.7
5/5/2019,27.03
5/6/2019,66.91
5/7/2019,44.71
5/8/2019,67.8
5/9/2019,53.55
5/10/2019,70.48
5/11/2019,60.29
5/12/2019,52.8
5/13/2019,89.36
5/14/2019,54.53
5/15/2019,91.22
5/16/2019,67.02
5/17/2019,100.53
5/18/2019,73.17
5/19/2019,36.17
5/20/2019,112.25
5/21/2019,78.13
5/22/2019,107.84
5/23/2019,79.98
5/24/2019,100.81
5/25/2019,106.39
5/26/2019,66.37
5/27/2019,139.7
5/28/2019,116.13
5/29/2019,139.98
5/30/2019,129.55
5/31/2019,132.96
6/1/2019,137.44
6/2/2019,90.11
6/3/2019,176.39
6/4/2019,166.28
6/5/2019,154.86
6/6/2019,129.81
6/7/2019,147.25
6/8/2019,157.05
6/9/2019,122.14
6/10/2019,143.75
6/11/2019,120.04
6/12/2019,150.76
6/13/2019,147.17
6/14/2019,179.21
6/15/2019,185.34
6/16/2019,160.02
6/17/2019,193.13
6/18/2019,173.16
6/19/2019,160.54
6/20/2019,167.61
6/21/2019,182.28
6/22/2019,201.79
6/23/2019,178.72
6/24/2019,223.98
6/25/2019,209.42
6/26/2019,199.51
6/27/2019,231.09
6/28/2019,224.07
6/29/2019,184.27
6/30/2019,162.38
7/1/2019,218.02
7/2/2019,212.27
7/3/2019,215.63
7/4/2019,206.73
7/5/2019,194.61
7/6/2019,202.91
7/7/2019,161.67
7/8/2019,213.99
7/9/2019,187.53
7/10/2019,197.88
7/11/2019,191.62
7/12/2019,192.99
7/13/2019,182.13
7/14/2019,143.49
7/15/2019,221.72
7/16/2019,200.57
7/17/2019,188.3
7/18/2019,166.27
7/19/2019,177.9
7/20/2019,160.13
7/21/2019,109.34
7/22/2019,183.75
7/23/2019,154.03
7/24/2019,149.4
7/25/2019,110.85
7/26/2019,141.4
7/27/2019,171.95
7/28/2019,106.89
7/29/2019,191.94
7/30/2019,144.21
7/31/2019,168.34
8/1/2019,138.15
8/2/2019,183.53
8/3/2019,166.41
8/4/2019,88.7
8/5/2019,212.6
8/6/2019,163.83
8/7/2019,224.15
8/8/2019,195.66
8/9/2019,224.4
8/10/2019,192.55
8/11/2019,128.87
8/12/2019,213.68
8/13/2019,195.51
8/14/2019,192.91
8/15/2019,177.14
8/16/2019,188.8
8/17/2019,191.84
8/18/2019,147.03
8/19/2019,237.9
8/20/2019,201.68
8/21/2019,185.85
8/22/2019,171.94
8/23/2019,166.25
8/24/2019,177.58
8/25/2019,134.02
8/26/2019,218.15
8/27/2019,184.34
8/28/2019,185.35
8/29/2019,157.48
8/30/2019,197.05
8/31/2019,162.99
9/1/2019,118.11
9/2/2019,173.08
9/3/2019,167.92
9/4/2019,156.16
9/5/2019,165.46
9/6/2019,155.48
9/7/2019,163.79
9/8/2019,94.31
9/9/2019,186.67
9/10/2019,160.38
9/11/2019,156.87
9/12/2019,132.64
9/13/2019,129.71
9/14/2019,113.3
9/15/2019,30.46
9/16/2019,159.36
9/17/2019,214.72
9/18/2019,179
9/19/2019,138.61
9/20/2019,142.55
9/21/2019,135.21
9/22/2019,72.81
9/23/2019,147.48
9/24/2019,131.04
9/25/2019,114
9/26/2019,120.59
9/27/2019,124.2
9/28/2019,134.19
9/29/2019,69.43
9/30/2019,146.43
10/1/2019,115.38
10/2/2019,99.54
10/3/2019,92.65
10/4/2019,96.39
10/5/2019,93.21
10/6/2019,36.87
10/7/2019,110.96
10/8/2019,104.15
10/9/2019,88.65
10/10/2019,94.68
10/11/2019,101.64
10/12/2019,90.7
10/13/2019,18.06
10/14/2019,100.8
10/15/2019,86.85
10/16/2019,81.62
10/17/2019,89.82
10/18/2019,91.17
10/19/2019,76.31
10/20/2019,27.57
10/21/2019,96.17
10/22/2019,74.43
10/23/2019,65.77
10/24/2019,55.74
10/25/2019,68.06
10/26/2019,60.39
10/27/2019,10.64
10/28/2019,79.73
10/29/2019,74.51
10/30/2019,44.44
10/31/2019,53.94
11/1/2019,45.8
11/2/2019,41.71
11/3/2019,5.04
11/4/2019,55.58
11/5/2019,37.95
11/6/2019,37.71
11/7/2019,51.44
11/8/2019,58.75
11/9/2019,54.56
11/10/2019,13.57
11/11/2019,65.36
11/12/2019,47.8
11/13/2019,55.9
11/14/2019,47.95
11/15/2019,61.85
11/16/2019,44.14
11/17/2019,15.67
11/18/2019,62.05
11/19/2019,39.49