Date,Strawberry
10/22/2011,1.212425456
10/23/2011,1.211448506
10/24/2011,1.03
10/25/2011,1
10/26/2011,1
10/27/2011,1
10/28/2011,1
10/29/2011,0.996408925
10/30/2011,1.01265882
10/31/2011,1
11/1/2011,1
11/2/2011,0.89
11/3/2011,0.89
11/4/2011,0.89
11/5/2011,0.888204322
11/6/2011,0.917355285
11/7/2011,1
11/8/2011,1
11/9/2011,1.28
11/10/2011,1.33
11/11/2011,1.357726798
11/12/2011,1.39311193
11/13/2011,1.413629398
11/14/2011,1.56
11/15/2011,1.56
11/16/2011,1.72
11/17/2011,1.72
11/18/2011,1.72
11/19/2011,1.740903602
11/20/2011,1.753818259
11/21/2011,1.78
11/22/2011,1.78
11/23/2011,1.78
11/24/2011,1.781871126
11/25/2011,1.78
11/26/2011,1.786698565
11/27/2011,1.774982498
11/28/2011,1.89
11/29/2011,1.89
11/30/2011,1.89
12/1/2011,1.89
12/2/2011,1.89
12/3/2011,1.904996321
12/4/2011,1.909803734
12/5/2011,1.89
12/6/2011,1.98
12/7/2011,1.98
12/8/2011,1.78
12/9/2011,1.78
12/10/2011,1.765964732
12/11/2011,1.75362514
12/12/2011,1.89
12/13/2011,1.89
12/14/2011,1.89
12/15/2011,1.89
12/16/2011,1.89
12/17/2011,1.891524122
12/18/2011,1.891227648
12/19/2011,1.28
12/20/2011,1.28
12/21/2011,1
12/22/2011,1
12/23/2011,1
12/24/2011,0.966349409
12/25/2011,0.967873619
12/26/2011,0.988923237
12/27/2011,1
12/28/2011,0.94
12/29/2011,0.94
12/30/2011,0.94
12/31/2011,0.96386765
1/1/2012,0.97865288
1/2/2012,1.014004037
1/3/2012,1.030993507
1/4/2012,1.048196659
1/5/2012,1.052780018
1/6/2012,1.065367267
1/7/2012,1.074284629
1/8/2012,1.087469385
1/9/2012,1.10747169
1/10/2012,1.126066998
1/11/2012,1.13396968
1/12/2012,1.143310831
1/13/2012,1.145011351
1/14/2012,1.161993132
1/15/2012,1.165937856
1/16/2012,1.18618165
1/17/2012,1.1950586
1/18/2012,1.205061541
1/19/2012,1.206464694
1/20/2012,1.209727601
1/21/2012,1.218068645
1/22/2012,1.217717901
1/23/2012,1.23728399
1/24/2012,1.248334781
1/25/2012,1.252888457
1/26/2012,1.256509171
1/27/2012,1.262567923
1/28/2012,1.304769353
1/29/2012,1.309546993
1/30/2012,1.310780094
1/31/2012,1.309540287
2/1/2012,1.308404461
2/2/2012,1.316649661
2/3/2012,1.321306423
2/4/2012,1.361906574
2/5/2012,1.361906574
2/6/2012,1.361906574
2/7/2012,1.361906574
2/8/2012,1.361906574
2/9/2012,1.361906574
2/10/2012,1.361906574
2/11/2012,1.361906574
2/12/2012,1.361822799
2/13/2012,1.361822799
2/14/2012,1.361822799
2/15/2012,1.361822799
2/16/2012,1.361822799
2/17/2012,1.361822799
2/18/2012,1.361822799
2/19/2012,1.361822799
2/20/2012,1.361822799
2/21/2012,1.361822799
2/22/2012,1.361822799
2/23/2012,1.361822799
2/24/2012,1.361748681
2/25/2012,1.361748681
2/26/2012,1.361748681
2/27/2012,1.361748681
2/28/2012,1.361748681
2/29/2012,1.361748681
3/1/2012,1.361748681
3/2/2012,1.361748681
3/3/2012,1.361748681
3/4/2012,1.361748681
3/5/2012,1.22
3/6/2012,1.22
3/7/2012,1.17
3/8/2012,1.17
3/9/2012,1.25
3/10/2012,1.254102871
3/11/2012,1.249795333
3/12/2012,1.25
3/13/2012,1.22
3/14/2012,1.22
3/15/2012,1.22
3/16/2012,1.22
3/17/2012,1.226690606
3/18/2012,1.216141746
3/19/2012,1.22
3/20/2012,1.22
3/21/2012,1.25
3/22/2012,1.31
3/23/2012,1.31
3/24/2012,1.32661666
3/25/2012,1.32646896
3/26/2012,1.36
3/27/2012,1.36
3/28/2012,1.36
3/29/2012,1.36
3/30/2012,1.36
3/31/2012,1.36636977
4/1/2012,1.33347337
4/2/2012,1.33
4/3/2012,1.33
4/4/2012,1.33
4/5/2012,1.22
4/6/2012,1.22
4/7/2012,1.209991351
4/8/2012,1.176612154
4/9/2012,1.22
4/10/2012,1.22
4/11/2012,1.22
4/12/2012,1.22
4/13/2012,1.22
4/14/2012,1.389258221
4/15/2012,1.183383391
4/16/2012,1.11
4/17/2012,1.11
4/18/2012,1.11
4/19/2012,1.06
4/20/2012,1.06
4/21/2012,1.24555333
4/22/2012,1.237171338
4/23/2012,0.94
4/24/2012,0.94
4/25/2012,0.89
4/26/2012,0.83
4/27/2012,0.83
4/28/2012,1.142778859
4/29/2012,1.057901964
4/30/2012,0.89
5/1/2012,0.94
5/2/2012,0.94
5/3/2012,0.94
5/4/2012,1
5/5/2012,1.064961717
5/6/2012,1.182146624
5/7/2012,1
5/8/2012,1
5/9/2012,1
5/10/2012,1
5/11/2012,1
5/12/2012,1.05307524
5/13/2012,1.103847311
5/14/2012,1
5/15/2012,1
5/16/2012,1
5/17/2012,1
5/18/2012,1
5/19/2012,1.026612566
5/20/2012,1.078903035
5/21/2012,0.94
5/22/2012,0.94
5/23/2012,0.89
5/24/2012,0.83
5/25/2012,0.83
5/26/2012,0.860750303
5/27/2012,0.928348944
5/28/2012,0.88450645
5/29/2012,0.897358522
5/30/2012,0.78
5/31/2012,0.78
6/1/2012,0.78
6/2/2012,0.765543372
6/3/2012,0.83222349
6/4/2012,0.78
6/5/2012,0.78
6/6/2012,0.78
6/7/2012,0.78
6/8/2012,0.78
6/9/2012,0.796147332
6/10/2012,0.826140911
6/11/2012,0.78
6/12/2012,0.78
6/13/2012,0.78
6/14/2012,0.78
6/15/2012,0.78
6/16/2012,0.801395968
6/17/2012,0.813530908
6/18/2012,0.78
6/19/2012,0.78
6/20/2012,0.78
6/21/2012,0.78
6/22/2012,0.78
6/23/2012,0.792089105
6/24/2012,0.805932299
6/25/2012,0.83
6/26/2012,0.83
6/27/2012,0.83
6/28/2012,0.83
6/29/2012,0.83
6/30/2012,0.827884392
7/1/2012,0.855560765
7/2/2012,0.78
7/3/2012,0.78
7/4/2012,0.766947106
7/5/2012,0.78
7/6/2012,0.78
7/7/2012,0.779046819
7/8/2012,0.809168965
7/9/2012,0.78
7/10/2012,0.78
7/11/2012,0.78
7/12/2012,0.72
7/13/2012,0.72
7/14/2012,0.723533139
7/15/2012,0.743655295
7/16/2012,0.83
7/17/2012,0.83
7/18/2012,0.83
7/19/2012,0.83
7/20/2012,0.83
7/21/2012,0.847204164
7/22/2012,0.871795282
7/23/2012,0.83
7/24/2012,0.83
7/25/2012,0.83
7/26/2012,0.83
7/27/2012,0.83
7/28/2012,0.839524106
7/29/2012,0.866730914
7/30/2012,0.83
7/31/2012,0.83
8/1/2012,0.83
8/2/2012,0.83
8/3/2012,0.83
8/4/2012,0.842995778
8/5/2012,0.877152369
8/6/2012,0.83
8/7/2012,0.83
8/8/2012,0.83
8/9/2012,0.94
8/10/2012,0.94
8/11/2012,0.960820214
8/12/2012,0.987146542
8/13/2012,0.94
8/14/2012,0.94
8/15/2012,0.94
8/16/2012,0.94
8/17/2012,0.94
8/18/2012,0.94842206
8/19/2012,0.976629243
8/20/2012,0.94
8/21/2012,0.94
8/22/2012,0.94
8/23/2012,0.94
8/24/2012,0.83
8/25/2012,0.859130517
8/26/2012,0.878243045
8/27/2012,0.94
8/28/2012,0.94
8/29/2012,0.94
8/30/2012,0.94
8/31/2012,0.94
9/1/2012,0.954587386
9/2/2012,0.974367962
9/3/2012,0.996467397
9/4/2012,0.94
9/5/2012,0.94
9/6/2012,0.94
9/7/2012,0.94
9/8/2012,0.946194932
9/9/2012,0.967823193
9/10/2012,0.94
9/11/2012,0.94
9/12/2012,1.06
9/13/2012,1.06
9/14/2012,1.06
9/15/2012,1.076743052
9/16/2012,1.101499126
9/17/2012,1.17
9/18/2012,1.11
9/19/2012,1.11
9/20/2012,1.11
9/21/2012,1.11
9/22/2012,1.120129035
9/23/2012,1.136240081
9/24/2012,1.14
9/25/2012,1.14
9/26/2012,1.14
9/27/2012,1.14
9/28/2012,1.14
9/29/2012,1.155787394
9/30/2012,1.178346202
10/1/2012,1.08
10/2/2012,1.08
10/3/2012,1.08
10/4/2012,1.08
10/5/2012,1.11
10/6/2012,1.127408729
10/7/2012,1.134509788
10/8/2012,1.143115834
10/9/2012,1.11
10/10/2012,1.11
10/11/2012,1.11
10/12/2012,1.11
10/13/2012,1.133138463
10/14/2012,1.165665344
10/15/2012,1.11
10/16/2012,1.11
10/17/2012,1.11
10/18/2012,1.11
10/19/2012,1.11
10/20/2012,1.125799671
10/21/2012,1.136382416
10/22/2012,1.19
10/23/2012,1.19
10/24/2012,1.25
10/25/2012,1.25
10/26/2012,1.25
10/27/2012,1.280192719
10/28/2012,1.31608148
10/29/2012,1.31
10/30/2012,1.31
10/31/2012,1.31
11/1/2012,1.31
11/2/2012,1.31
11/3/2012,1.322195754
11/4/2012,1.335998938
11/5/2012,1.33
11/6/2012,1.33
11/7/2012,1.56
11/8/2012,1.56
11/9/2012,1.56
11/10/2012,1.603618846
11/11/2012,1.603934989
11/12/2012,1.649651096
11/13/2012,1.72
11/14/2012,1.72
11/15/2012,1.72
11/16/2012,1.72
11/17/2012,1.742182837
11/18/2012,1.723096058
11/19/2012,1.89
11/20/2012,1.89
11/21/2012,1.89
11/22/2012,1.907845006
11/23/2012,1.89
11/24/2012,1.933235869
11/25/2012,1.904622064
11/26/2012,2
11/27/2012,2
11/28/2012,2.22
11/29/2012,2.22
11/30/2012,2.22
12/1/2012,2.270635948
12/2/2012,2.274063096
12/3/2012,2.22
12/4/2012,2.22
12/5/2012,2.22
12/6/2012,2.22
12/7/2012,2.22
12/8/2012,2.222256408
12/9/2012,2.218089864
12/10/2012,2.56
12/11/2012,2.56
12/12/2012,2.56
12/13/2012,2.56
12/14/2012,2.56
12/15/2012,2.580555007
12/16/2012,2.594043479
12/17/2012,2.56
12/18/2012,2.56
12/19/2012,2.56
12/20/2012,2.56
12/21/2012,2.56
12/22/2012,2.563340411
12/23/2012,2.570622966
12/24/2012,2.577924833
12/25/2012,2.583386526
12/26/2012,2.585835919
12/27/2012,2.591814384
12/28/2012,2.596775041
12/29/2012,2.602287517
12/30/2012,2.606431351
12/31/2012,2.613837466
1/1/2013,2.617908344
1/2/2013,2.622032509
1/3/2013,2.625471637
1/4/2013,2.62862216
1/5/2013,2.635500596
1/6/2013,2.637979851
1/7/2013,2.643358932
1/8/2013,2.648269699
1/9/2013,2.648932562
1/10/2013,2.651257501
1/11/2013,2.648147926
1/12/2013,2.663441346
1/13/2013,2.653621242
1/14/2013,2.670088754
1/15/2013,2.674557314
1/16/2013,2.691205964
1/17/2013,2.687928126
1/18/2013,2.68384634
1/19/2013,2.717635736
1/20/2013,2.670936332
1/21/2013,2.728285179
1/22/2013,2.743246899
1/23/2013,2.742409513
1/24/2013,2.74379693
1/25/2013,2.744115577
1/26/2013,1.35970305
1/27/2013,1.35970305
1/28/2013,1.35970305
1/29/2013,1.35970305
1/30/2013,1.35970305
1/31/2013,1.35970305
2/1/2013,1.35970305
2/2/2013,1.35970305
2/3/2013,1.35970305
2/4/2013,1.35970305
2/5/2013,1.35970305
2/6/2013,1.35973014
2/7/2013,1.35973014
2/8/2013,1.35973014
2/9/2013,1.35973014
2/10/2013,1.35973014
2/11/2013,1.35973014
2/12/2013,1.35973014
2/13/2013,1.35973014
2/14/2013,1.35973014
2/15/2013,1.35973014
2/16/2013,1.35973014
2/17/2013,1.35973014
2/18/2013,1.359753743
2/19/2013,1.359753743
2/20/2013,1.359753743
2/21/2013,1.359753743
2/22/2013,1.359753743
2/23/2013,1.359753743
2/24/2013,1.359753743
2/25/2013,1.359753743
2/26/2013,1.359753743
2/27/2013,1.359753743
2/28/2013,1.359753743
3/1/2013,1.359753743
3/2/2013,1.359773949
3/3/2013,1.359773949
3/4/2013,1.359773949
3/5/2013,1.359773949
3/6/2013,1.359773949
3/7/2013,1.359773949
3/8/2013,1.359773949
3/9/2013,1.359773949
3/10/2013,1.359773949
3/11/2013,1.44
3/12/2013,1.44
3/13/2013,1.44
3/14/2013,1.44
3/15/2013,1.44
3/16/2013,1.458698735
3/17/2013,1.430810556
3/18/2013,1.44
3/19/2013,1.44
3/20/2013,1.44
3/21/2013,1.33
3/22/2013,1.22
3/23/2013,1.213454888
3/24/2013,1.178301678
3/25/2013,1.11
3/26/2013,1
3/27/2013,1
3/28/2013,0.78
3/29/2013,0.78
3/30/2013,0.752149225
3/31/2013,0.779012487
4/1/2013,0.78
4/2/2013,0.78
4/3/2013,0.78
4/4/2013,0.78
4/5/2013,0.78
4/6/2013,0.787045882
4/7/2013,0.857467369
4/8/2013,0.78
4/9/2013,0.72
4/10/2013,0.72
4/11/2013,0.72
4/12/2013,0.72
4/13/2013,0.774712191
4/14/2013,0.895311729
4/15/2013,0.72
4/16/2013,0.72
4/17/2013,0.72
4/18/2013,0.72
4/19/2013,0.72
4/20/2013,0.763565198
4/21/2013,0.869256393
4/22/2013,0.8
4/23/2013,0.8
4/24/2013,0.75
4/25/2013,0.75
4/26/2013,0.75
4/27/2013,0.795144097
4/28/2013,0.895137296
4/29/2013,0.75
4/30/2013,0.75
5/1/2013,0.75
5/2/2013,0.86
5/3/2013,0.86
5/4/2013,0.975520954
5/5/2013,1.129560039
5/6/2013,0.91
5/7/2013,0.91
5/8/2013,0.91
5/9/2013,0.96
5/10/2013,0.97
5/11/2013,1.003021643
5/12/2013,1.107279465
5/13/2013,0.97
5/14/2013,0.96
5/15/2013,0.96
5/16/2013,1.02
5/17/2013,1.02
5/18/2013,1.03939955
5/19/2013,1.060169683
5/20/2013,1.02
5/21/2013,1.02
5/22/2013,0.96
5/23/2013,0.96
5/24/2013,0.96
5/25/2013,0.936954186
5/26/2013,0.951083795
5/27/2013,0.959392116
5/28/2013,0.96
5/29/2013,0.85
5/30/2013,0.85
5/31/2013,0.85
6/1/2013,0.849440233
6/2/2013,0.853508339
6/3/2013,0.85
6/4/2013,0.85
6/5/2013,0.85
6/6/2013,0.85
6/7/2013,0.85
6/8/2013,0.859324799
6/9/2013,0.86067234
6/10/2013,0.85
6/11/2013,0.85
6/12/2013,0.85
6/13/2013,0.85
6/14/2013,0.85
6/15/2013,0.85741967
6/16/2013,0.858812273
6/17/2013,0.9
6/18/2013,0.9
6/19/2013,0.96
6/20/2013,0.96
6/21/2013,0.96
6/22/2013,0.97825189
6/23/2013,0.978304282
6/24/2013,0.96
6/25/2013,0.96
6/26/2013,0.96
6/27/2013,1.07
6/28/2013,1.07
6/29/2013,1.070779965
6/30/2013,1.088775889
7/1/2013,1.07
7/2/2013,1.02
7/3/2013,1.02
7/4/2013,1.009880141
7/5/2013,0.96
7/6/2013,0.957565711
7/7/2013,0.969830379
7/8/2013,0.96
7/9/2013,0.94
7/10/2013,0.83
7/11/2013,0.83
7/12/2013,0.83
7/13/2013,0.843210534
7/14/2013,0.867575452
7/15/2013,0.78
7/16/2013,0.78
7/17/2013,0.72
7/18/2013,0.72
7/19/2013,0.72
7/20/2013,0.753279865
7/21/2013,0.753374771
7/22/2013,0.83
7/23/2013,0.83
7/24/2013,0.83
7/25/2013,0.83
7/26/2013,0.83
7/27/2013,0.85772124
7/28/2013,0.861836419
7/29/2013,0.83
7/30/2013,0.83
7/31/2013,0.78
8/1/2013,0.78
8/2/2013,0.78
8/3/2013,0.805931047
8/4/2013,0.804459051
8/5/2013,0.83
8/6/2013,0.83
8/7/2013,0.94
8/8/2013,0.94
8/9/2013,0.94
8/10/2013,0.967801557
8/11/2013,0.984838144
8/12/2013,1.06
8/13/2013,1.06
8/14/2013,1.06
8/15/2013,1.06
8/16/2013,1.17
8/17/2013,1.179934428
8/18/2013,1.197914795
8/19/2013,1.22
8/20/2013,1.22
8/21/2013,1.22
8/22/2013,1.22
8/23/2013,1.28
8/24/2013,1.285537646
8/25/2013,1.302556441
8/26/2013,1.39
8/27/2013,1.39
8/28/2013,1.39
8/29/2013,1.39
8/30/2013,1.39
8/31/2013,1.394413248
9/1/2013,1.41430299
9/2/2013,1.413847909
9/3/2013,1.5
9/4/2013,1.36
9/5/2013,1.36
9/6/2013,1.36
9/7/2013,1.357064292
9/8/2013,1.358236954
9/9/2013,1.36
9/10/2013,1.36
9/11/2013,1.36
9/12/2013,1.36
9/13/2013,1.33
9/14/2013,1.337564365
9/15/2013,1.342771605
9/16/2013,1.31
9/17/2013,1.31
9/18/2013,1.25
9/19/2013,1.14
9/20/2013,1.14
9/21/2013,1.132759914
9/22/2013,1.140612707
9/23/2013,1.14
9/24/2013,1.14
9/25/2013,1.25
9/26/2013,1.25
9/27/2013,1.25
9/28/2013,1.278162376
9/29/2013,1.300084517
9/30/2013,1.25
10/1/2013,1.241466538
10/2/2013,1.237116531
10/3/2013,1.225457416
10/4/2013,1.219288514
10/5/2013,1.237182603
10/6/2013,1.251892999
10/7/2013,1.253395305
10/8/2013,1.248013095
10/9/2013,1.247988776
10/10/2013,1.23690419
10/11/2013,1.233504221
10/12/2013,1.258244292
10/13/2013,1.266000614
10/14/2013,1.279844121
10/15/2013,1.271593914
10/16/2013,1.26795809
10/17/2013,1.06
10/18/2013,1.06
10/19/2013,1.048170373
10/20/2013,1.066243098
10/21/2013,1.22
10/22/2013,1.22
10/23/2013,1.22
10/24/2013,1.22
10/25/2013,1.22
10/26/2013,1.249253885
10/27/2013,1.264993981
10/28/2013,1.22
10/29/2013,1.11
10/30/2013,1.11
10/31/2013,1.11
11/1/2013,1.25
11/2/2013,1.276739643
11/3/2013,1.28527622
11/4/2013,1.33
11/5/2013,1.33
11/6/2013,1.56
11/7/2013,1.56
11/8/2013,1.56
11/9/2013,1.601582334
11/10/2013,1.619206414
11/11/2013,1.644489274
11/12/2013,1.56
11/13/2013,1.56
11/14/2013,1.56
11/15/2013,1.56
11/16/2013,1.568915979
11/17/2013,1.580303833
11/18/2013,1.64
11/19/2013,1.64
11/20/2013,1.67
11/21/2013,1.78
11/22/2013,1.78
11/23/2013,1.825245485
11/24/2013,1.822932706
11/25/2013,1.78
11/26/2013,1.78
11/27/2013,1.56
11/28/2013,1.524634585
11/29/2013,1.56
11/30/2013,1.544216499
12/1/2013,1.539639846
12/2/2013,1.67
12/3/2013,1.67
12/4/2013,1.676318512
12/5/2013,1.78
12/6/2013,1.78
12/7/2013,1.795869217
12/8/2013,1.828096852
12/9/2013,1.845595226
12/10/2013,1.843697116
12/11/2013,1.826401517
12/12/2013,1.810888157
12/13/2013,1.792185292
12/14/2013,1.78879498
12/15/2013,1.791143165
12/16/2013,1.791672812
12/17/2013,1.79240416
12/18/2013,1.776721821
12/19/2013,1.755586014
12/20/2013,1.732999489
12/21/2013,1.728013978
12/22/2013,1.721569345
12/23/2013,1.713057802
12/24/2013,1.717922435
12/25/2013,1.707406745
12/26/2013,1.685742722
12/27/2013,1.656911657
12/28/2013,1.649588332
12/29/2013,1.640730605
12/30/2013,1.632075295
12/31/2013,1.630607233
1/1/2014,1.632221208
1/2/2014,1.554986016
1/3/2014,1.581580029
1/4/2014,1.529933021
1/5/2014,1.482056037
1/6/2014,1.552464828
1/7/2014,1.553466455
1/8/2014,1.458851085
1/9/2014,1.584077791
1/10/2014,1.667332039
1/11/2014,1.359625981
1/12/2014,1.359625981
1/13/2014,1.359625981
1/14/2014,1.359625981
1/15/2014,1.359625981
1/16/2014,1.359625981
1/17/2014,1.359625981
1/18/2014,1.359625981
1/19/2014,1.359625981
1/20/2014,1.359592632
1/21/2014,1.359592632
1/22/2014,1.359592632
1/23/2014,1.359592632
1/24/2014,1.359592632
1/25/2014,1.359592632
1/26/2014,1.359592632
1/27/2014,1.359592632
1/28/2014,1.359592632
1/29/2014,1.359592632
1/30/2014,1.359592632
1/31/2014,1.359592632
2/1/2014,1.35956286
2/2/2014,1.35956286
2/3/2014,1.35956286
2/4/2014,1.35956286
2/5/2014,1.35956286
2/6/2014,1.35956286
2/7/2014,1.35956286
2/8/2014,1.35956286
2/9/2014,1.35956286
2/10/2014,1.35956286
2/11/2014,1.35956286
2/12/2014,1.35956286
2/13/2014,1.3595372
2/14/2014,1.3595372
2/15/2014,1.3595372
2/16/2014,1.3595372
2/17/2014,1.3595372
2/18/2014,1.3595372
2/19/2014,1.3595372
2/20/2014,1.3595372
2/21/2014,1.3595372
2/22/2014,1.3595372
2/23/2014,1.3595372
2/24/2014,1.3595372
2/25/2014,1.359513775
2/26/2014,1.359513775
2/27/2014,1
2/28/2014,1
3/1/2014,0.97883527
3/2/2014,0.971277878
3/3/2014,1
3/4/2014,1
3/5/2014,1.17
3/6/2014,1.17
3/7/2014,1.17
3/8/2014,1.180601583
3/9/2014,1.178810225
3/10/2014,1.06
3/11/2014,1.06
3/12/2014,1.06
3/13/2014,1.06
3/14/2014,1.06
3/15/2014,1.071577475
3/16/2014,1.062341557
3/17/2014,1.06
3/18/2014,1.06
3/19/2014,1.06
3/20/2014,1.06
3/21/2014,1.06
3/22/2014,1.070138917
3/23/2014,1.08027722
3/24/2014,1.06
3/25/2014,0.94
3/26/2014,0.89
3/27/2014,0.78
3/28/2014,0.78
3/29/2014,0.803619475
3/30/2014,0.871613786
3/31/2014,0.78
4/1/2014,0.78
4/2/2014,0.78
4/3/2014,0.89
4/4/2014,0.94
4/5/2014,0.996204898
4/6/2014,1.069341407
4/7/2014,1.06
4/8/2014,1.06
4/9/2014,1.11
4/10/2014,1.17
4/11/2014,1.17
4/12/2014,1.229133472
4/13/2014,1.239763693
4/14/2014,1.17
4/15/2014,1.17
4/16/2014,1.12
4/17/2014,1.07
4/18/2014,1.07
4/19/2014,1.075034574
4/20/2014,1.122412131
4/21/2014,1.07
4/22/2014,1.01
4/23/2014,0.96
4/24/2014,0.95
4/25/2014,0.96
4/26/2014,0.990944014
4/27/2014,1.015667901
4/28/2014,1.07
4/29/2014,1.17
4/30/2014,1.18
5/1/2014,1.18
5/2/2014,1.18
5/3/2014,1.18928139
5/4/2014,1.233807311
5/5/2014,1.18
5/6/2014,1.18
5/7/2014,1.18
5/8/2014,1.18
5/9/2014,1.18
5/10/2014,1.183675573
5/11/2014,1.196267203
5/12/2014,1.18
5/13/2014,1.07
5/14/2014,1.07
5/15/2014,1.07
5/16/2014,1.07
5/17/2014,1.066730902
5/18/2014,1.084442244
5/19/2014,1.07
5/20/2014,1.07
5/21/2014,0.96
5/22/2014,0.96
5/23/2014,0.96
5/24/2014,0.956151829
5/25/2014,0.965947524
5/26/2014,0.971753523
5/27/2014,0.85
5/28/2014,0.74
5/29/2014,0.74
5/30/2014,0.74
5/31/2014,0.723317937
6/1/2014,0.748767362
6/2/2014,0.74
6/3/2014,0.74
6/4/2014,0.74
6/5/2014,0.72
6/6/2014,0.83
6/7/2014,0.843266145
6/8/2014,0.842010603
6/9/2014,0.89
6/10/2014,0.89
6/11/2014,0.89
6/12/2014,0.94
6/13/2014,0.94
6/14/2014,0.9493628
6/15/2014,0.94406347
6/16/2014,1
6/17/2014,1
6/18/2014,1
6/19/2014,1.06
6/20/2014,1.06
6/21/2014,1.064138458
6/22/2014,1.068510637
6/23/2014,1.06
6/24/2014,1.06
6/25/2014,1.06
6/26/2014,1.06
6/27/2014,1.06
6/28/2014,1.064895288
6/29/2014,1.062125192
6/30/2014,1.06
7/1/2014,1.06
7/2/2014,1
7/3/2014,1
7/4/2014,0.997757808
7/5/2014,0.990695283
7/6/2014,0.997324899
7/7/2014,1
7/8/2014,0.94
7/9/2014,0.94
7/10/2014,0.94
7/11/2014,0.94
7/12/2014,0.938422874
7/13/2014,0.953508065
7/14/2014,0.94
7/15/2014,0.94
7/16/2014,0.94
7/17/2014,0.94
7/18/2014,0.94
7/19/2014,0.945003138
7/20/2014,0.959629223
7/21/2014,0.94
7/22/2014,0.83
7/23/2014,0.83
7/24/2014,0.83
7/25/2014,0.83
7/26/2014,0.83662361
7/27/2014,0.856333867
7/28/2014,0.83
7/29/2014,0.83
7/30/2014,0.83
7/31/2014,0.83
8/1/2014,0.83
8/2/2014,0.84260735
8/3/2014,0.858186156
8/4/2014,0.83
8/5/2014,0.83
8/6/2014,0.83
8/7/2014,0.83
8/8/2014,0.83
8/9/2014,0.847959385
8/10/2014,0.866235778
8/11/2014,0.94
8/12/2014,0.94
8/13/2014,0.94
8/14/2014,0.94
8/15/2014,0.94
8/16/2014,0.960671351
8/17/2014,0.97023128
8/18/2014,1.06
8/19/2014,1.06
8/20/2014,1.06
8/21/2014,1.31
8/22/2014,1.31
8/23/2014,1.336033092
8/24/2014,1.356064186
8/25/2014,1.39
8/26/2014,1.39
8/27/2014,1.44
8/28/2014,1.44
8/29/2014,1.44
8/30/2014,1.444423751
8/31/2014,1.448841707
9/1/2014,1.450182275
9/2/2014,1.56
9/3/2014,1.56
9/4/2014,1.67
9/5/2014,1.78
9/6/2014,1.816961393
9/7/2014,1.843775973
9/8/2014,1.78
9/9/2014,1.78
9/10/2014,1.78
9/11/2014,1.78
9/12/2014,1.94
9/13/2014,1.97048907
9/14/2014,1.986352191
9/15/2014,1.89
9/16/2014,1.89
9/17/2014,1.89
9/18/2014,1.83
9/19/2014,1.83
9/20/2014,1.831581042
9/21/2014,1.819441185
9/22/2014,1.83
9/23/2014,1.67
9/24/2014,1.67
9/25/2014,1.44
9/26/2014,1.44
9/27/2014,1.398081884
9/28/2014,1.37396507
9/29/2014,1.44
9/30/2014,1.44
10/1/2014,1.42
10/2/2014,1.42
10/3/2014,1.42
10/4/2014,1.423009977
10/5/2014,1.426909462
10/6/2014,1.44
10/7/2014,1.44
10/8/2014,1.61
10/9/2014,1.5
10/10/2014,1.44
10/11/2014,1.447647945
10/12/2014,1.441044525
10/13/2014,1.444163129
10/14/2014,1.33
10/15/2014,1.33
10/16/2014,1.33
10/17/2014,1.33
10/18/2014,1.330174342
10/19/2014,1.325644896
10/20/2014,1.33
10/21/2014,1.33
10/22/2014,1.33
10/23/2014,1.33
10/24/2014,1.33
10/25/2014,1.338275418
10/26/2014,1.342236683
10/27/2014,1.03
10/28/2014,1.22
10/29/2014,1.22
10/30/2014,1.44
10/31/2014,1.44
11/1/2014,1.465802834
11/2/2014,1.485554085
11/3/2014,1.67
11/4/2014,1.89
11/5/2014,1.89
11/6/2014,2.11
11/7/2014,2.11
11/8/2014,2.16618
11/9/2014,2.167028294
11/10/2014,2.22
11/11/2014,2.247769938
11/12/2014,2.44
11/13/2014,2.44
11/14/2014,2.44
11/15/2014,2.47491406
11/16/2014,2.50668107
11/17/2014,2.67
11/18/2014,2.67
11/19/2014,2.67
11/20/2014,2.67
11/21/2014,2.67
11/22/2014,2.688552365
11/23/2014,2.686444507
11/24/2014,2.67
11/25/2014,2.78
11/26/2014,2.78
11/27/2014,2.764450655
11/28/2014,2.78
11/29/2014,2.775855587
11/30/2014,2.782027349
12/1/2014,2.78
12/2/2014,2.785767422
12/3/2014,2.781451926
12/4/2014,3
12/5/2014,3
12/6/2014,2.973520086
12/7/2014,2.964317427
12/8/2014,3
12/9/2014,3
12/10/2014,2.89
12/11/2014,2.89
12/12/2014,2.89
12/13/2014,2.858427212
12/14/2014,2.844829307
12/15/2014,2.89
12/16/2014,2.860633955
12/17/2014,2.8531252
12/18/2014,2.835166917
12/19/2014,2.81851934
12/20/2014,2.808732495
12/21/2014,2.797173247
12/22/2014,2.786825464
12/23/2014,2.777068124
12/24/2014,2.769964561
12/25/2014,2.761612163
12/26/2014,2.754353569
12/27/2014,2.747278795
12/28/2014,2.741317317
12/29/2014,2.735326157
12/30/2014,2.73055558
12/31/2014,2.726566777
1/1/2015,2.722174213
1/2/2015,2.71854125
1/3/2015,2.717703865
1/4/2015,2.714004025
1/5/2015,2.709910975
1/6/2015,2.718308792
1/7/2015,2.707790241
1/8/2015,2.715151474
1/9/2015,2.713811979
1/10/2015,2.721367941
1/11/2015,2.704506145
1/12/2015,2.72578393
1/13/2015,2.724001155
1/14/2015,2.743019447
1/15/2015,2.747213886
1/16/2015,2.743300185
1/17/2015,2.743761883
1/18/2015,2.697119699
1/19/2015,2.743192718
1/20/2015,1.35747324
1/21/2015,1.35747324
1/22/2015,1.35747324
1/23/2015,1.35747324
1/24/2015,1.35747324
1/25/2015,1.35747324
1/26/2015,1.35747324
1/27/2015,1.357526526
1/28/2015,1.357526526
1/29/2015,1.357526526
1/30/2015,1.357526526
1/31/2015,1.357526526
2/1/2015,1.357526526
2/2/2015,1.357526526
2/3/2015,1.357526526
2/4/2015,1.357526526
2/5/2015,1.357526526
2/6/2015,1.357526526
2/7/2015,1.357526526
2/8/2015,1.357575253
2/9/2015,1.357575253
2/10/2015,1.357575253
2/11/2015,1.357575253
2/12/2015,1.357575253
2/13/2015,1.357575253
2/14/2015,1.357575253
2/15/2015,1.357575253
2/16/2015,1.357575253
2/17/2015,1.357575253
2/18/2015,1.357575253
2/19/2015,1.357575253
2/20/2015,1.357618526
2/21/2015,1.357618526
2/22/2015,1.357618526
2/23/2015,1
2/24/2015,1
2/25/2015,1
2/26/2015,1
2/27/2015,1
2/28/2015,1.001046375
3/1/2015,0.994699196
3/2/2015,1
3/3/2015,1
3/4/2015,0.94
3/5/2015,0.94
3/6/2015,0.94
3/7/2015,0.93577616
3/8/2015,0.940814332
3/9/2015,0.94
3/10/2015,0.94
3/11/2015,0.89
3/12/2015,0.83
3/13/2015,0.78
3/14/2015,0.750911117
3/15/2015,0.77517581
3/16/2015,0.78
3/17/2015,0.72
3/18/2015,0.72
3/19/2015,0.72
3/20/2015,0.72
3/21/2015,0.739393667
3/22/2015,0.827060283
3/23/2015,0.83
3/24/2015,0.83
3/25/2015,0.83
3/26/2015,0.83
3/27/2015,0.83
3/28/2015,0.934333131
3/29/2015,1.008164779
3/30/2015,0.94
3/31/2015,0.94
4/1/2015,0.94
4/2/2015,0.94
4/3/2015,1
4/4/2015,1.015301154
4/5/2015,1.065976129
4/6/2015,1.06
4/7/2015,1.06
4/8/2015,1.06
4/9/2015,1.06
4/10/2015,1.11
4/11/2015,1.158005402
4/12/2015,1.142849759
4/13/2015,1.06
4/14/2015,1.11
4/15/2015,1.17
4/16/2015,1.17
4/17/2015,1.17
4/18/2015,1.168120906
4/19/2015,1.195097671
4/20/2015,1.22
4/21/2015,1.22
4/22/2015,1.44
4/23/2015,1.44
4/24/2015,1.44
4/25/2015,1.425791965
4/26/2015,1.424462751
4/27/2015,1.44
4/28/2015,1.44
4/29/2015,1.44
4/30/2015,1.44
5/1/2015,1.44
5/2/2015,1.426926539
5/3/2015,1.401191012
5/4/2015,1.44
5/5/2015,1.44
5/6/2015,1.44
5/7/2015,1.44
5/8/2015,1.44
5/9/2015,1.40028514
5/10/2015,1.372180328
5/11/2015,1.44
5/12/2015,1.44
5/13/2015,1.44
5/14/2015,1.44
5/15/2015,1.22
5/16/2015,1.174469069
5/17/2015,1.150917039
5/18/2015,1.06
5/19/2015,1
5/20/2015,0.78
5/21/2015,0.78
5/22/2015,0.78
5/23/2015,0.750004665
5/24/2015,0.736025751
5/25/2015,0.778223113
5/26/2015,0.78
5/27/2015,0.78
5/28/2015,0.78
5/29/2015,0.83
5/30/2015,0.832217277
5/31/2015,0.854610995
6/1/2015,0.83
6/2/2015,0.89
6/3/2015,0.83
6/4/2015,0.83
6/5/2015,0.83
6/6/2015,0.826922998
6/7/2015,0.874064431
6/8/2015,0.94
6/9/2015,0.94
6/10/2015,0.94
6/11/2015,0.94
6/12/2015,0.94
6/13/2015,0.939125881
6/14/2015,0.982044981
6/15/2015,0.94
6/16/2015,0.94
6/17/2015,0.94
6/18/2015,0.94
6/19/2015,0.94
6/20/2015,0.948246554
6/21/2015,0.96151723
6/22/2015,0.94
6/23/2015,0.94
6/24/2015,0.94
6/25/2015,0.94
6/26/2015,0.94
6/27/2015,0.953716651
6/28/2015,0.950758801
6/29/2015,0.94
6/30/2015,0.94
7/1/2015,0.94
7/2/2015,0.89
7/3/2015,0.900949643
7/4/2015,0.917572454
7/5/2015,0.926983342
7/6/2015,0.89
7/7/2015,0.89
7/8/2015,0.89
7/9/2015,0.89
7/10/2015,0.89
7/11/2015,0.893503115
7/12/2015,0.927689747
7/13/2015,0.89
7/14/2015,0.89
7/15/2015,0.89
7/16/2015,0.89
7/17/2015,0.89
7/18/2015,0.899296061
7/19/2015,0.922569678
7/20/2015,0.939334557
7/21/2015,0.947142736
7/22/2015,0.955843196
7/23/2015,0.968007282
7/24/2015,1.06
7/25/2015,1.070611701
7/26/2015,1.104013697
7/27/2015,1.11
7/28/2015,1.11
7/29/2015,1.11
7/30/2015,1.11
7/31/2015,1.11
8/1/2015,1.106970117
8/2/2015,1.133415357
8/3/2015,1.22
8/4/2015,1.22
8/5/2015,1.22
8/6/2015,1.22
8/7/2015,1.28
8/8/2015,1.291902885
8/9/2015,1.303075627
8/10/2015,1.67
8/11/2015,1.67
8/12/2015,1.67
8/13/2015,1.67
8/14/2015,1.67
8/15/2015,1.687887595
8/16/2015,1.69856529
8/17/2015,1.67
8/18/2015,1.67
8/19/2015,1.67
8/20/2015,1.67
8/21/2015,1.61
8/22/2015,1.616450534
8/23/2015,1.606901959
8/24/2015,1.44
8/25/2015,1.42
8/26/2015,1.42
8/27/2015,1.44
8/28/2015,1.44
8/29/2015,1.451447204
8/30/2015,1.438033566
8/31/2015,1.22
9/1/2015,1.22
9/2/2015,1.22
9/3/2015,1.22
9/4/2015,1.22
9/5/2015,1.227253423
9/6/2015,1.229321942
9/7/2015,1.23140879
9/8/2015,1.22
9/9/2015,1.22
9/10/2015,1.22
9/11/2015,1.22
9/12/2015,1.24319996
9/13/2015,1.247387604
9/14/2015,1.22
9/15/2015,1.22
9/16/2015,1.22
9/17/2015,1.22
9/18/2015,1.22
9/19/2015,1.233686433
9/20/2015,1.246887193
9/21/2015,1.22
9/22/2015,1
9/23/2015,1.11
9/24/2015,1.22
9/25/2015,1.22
9/26/2015,1.23179932
9/27/2015,1.251184986
9/28/2015,1.22
9/29/2015,1.22
9/30/2015,1.22
10/1/2015,1.22
10/2/2015,1.22
10/3/2015,1.23144348
10/4/2015,1.236375169
10/5/2015,1.44
10/6/2015,1.44
10/7/2015,1.44
10/8/2015,1.44
10/9/2015,1.44
10/10/2015,1.471748576
10/11/2015,1.451775417
10/12/2015,1.484710798
10/13/2015,1.56
10/14/2015,1.56
10/15/2015,1.67
10/16/2015,1.67
10/17/2015,1.700997338
10/18/2015,1.716047392
10/19/2015,1.67
10/20/2015,1.67
10/21/2015,1.67
10/22/2015,1.67
10/23/2015,1.67
10/24/2015,1.685232923
10/25/2015,1.670372055
10/26/2015,1.89
10/27/2015,1.89
10/28/2015,1.89
10/29/2015,1.89
10/30/2015,2
10/31/2015,2.030655847
11/1/2015,2.037085817
11/2/2015,2.11
11/3/2015,2.11
11/4/2015,2.11
11/5/2015,2.33
11/6/2015,2.33
11/7/2015,2.367127881
11/8/2015,2.385771022
11/9/2015,2.56
11/10/2015,2.56
11/11/2015,2.588986979
11/12/2015,2.78
11/13/2015,2.78
11/14/2015,2.800003872
11/15/2015,2.822049484
11/16/2015,3.11
11/17/2015,3.11
11/18/2015,3.11
11/19/2015,3.11
11/20/2015,3.11
11/21/2015,3.087732301
11/22/2015,3.042049632
11/23/2015,3.11
11/24/2015,3.11
11/25/2015,3.11
11/26/2015,3.035620198
11/27/2015,3.11
11/28/2015,3.068703995
11/29/2015,3.012679443
11/30/2015,3.11
12/1/2015,2.89
12/2/2015,2.78
12/3/2015,2.78
12/4/2015,2.33
12/5/2015,2.293604419
12/6/2015,2.247831628
12/7/2015,2.33
12/8/2015,2.22
12/9/2015,1.67
12/10/2015,1.67
12/11/2015,1.67
12/12/2015,1.590142623
12/13/2015,1.548850373
12/14/2015,1.44
12/15/2015,1.44
12/16/2015,1.44
12/17/2015,1.44
12/18/2015,1.44
12/19/2015,1.4313377
12/20/2015,1.436106668
12/21/2015,1.432697133
12/22/2015,1.430146441
12/23/2015,1.424488322
12/24/2015,1.4136834
12/25/2015,1.406519756
12/26/2015,1.399228082
12/27/2015,1.396835194
12/28/2015,1.394985006
12/29/2015,1.392557249
12/30/2015,1.387561009
12/31/2015,1.382284031
1/1/2016,1.376279906
1/2/2016,1.374401376
1/3/2016,1.371530697
1/4/2016,1.3725148
1/5/2016,1.371825293
1/6/2016,1.369750515
1/7/2016,1.367023335
1/8/2016,1.363856897
1/9/2016,1.363087729
1/10/2016,1.355923549
1/11/2016,1.364550338
1/12/2016,1.364059225
1/13/2016,1.363367215
1/14/2016,1.35629128
1/15/2016,1.350297258
1/16/2016,1.358114645
1/17/2016,1.347682194
1/18/2016,1.359663174
1/19/2016,1.37572603
1/20/2016,1.381538377
1/21/2016,1.396147654
1/22/2016,1.418138549
1/23/2016,1.357096211
1/24/2016,1.357096211
1/25/2016,1.357096211
1/26/2016,1.357096211
1/27/2016,1.357096211
1/28/2016,1.357096211
1/29/2016,1.357096211
1/30/2016,1.357096211
1/31/2016,1.357096211
2/1/2016,1.357096211
2/2/2016,1.357096211
2/3/2016,1.357162461
2/4/2016,1.357162461
2/5/2016,1.357162461
2/6/2016,1.357162461
2/7/2016,1.357162461
2/8/2016,1.357162461
2/9/2016,1.357162461
2/10/2016,1.357162461
2/11/2016,1.357162461
2/12/2016,1.357162461
2/13/2016,1.357162461
2/14/2016,1.357162461
2/15/2016,1.357219592
2/16/2016,1.357219592
2/17/2016,1.357219592
2/18/2016,1.357219592
2/19/2016,1.357219592
2/20/2016,1.357219592
2/21/2016,1.357219592
2/22/2016,1.357219592
2/23/2016,1.357219592
2/24/2016,1.56
2/25/2016,1.56
2/26/2016,1.44
2/27/2016,1.464004055
2/28/2016,1.444355444
2/29/2016,1.11
3/1/2016,1
3/2/2016,0.89
3/3/2016,0.83
3/4/2016,0.83
3/5/2016,0.787605435
3/6/2016,0.838557706
3/7/2016,0.83
3/8/2016,0.83
3/9/2016,1
3/10/2016,1
3/11/2016,1
3/12/2016,1.049470351
3/13/2016,1.070543573
3/14/2016,1.06
3/15/2016,1.06
3/16/2016,1
3/17/2016,1.06
3/18/2016,1.17
3/19/2016,1.176302538
3/20/2016,1.177040324
3/21/2016,1.22
3/22/2016,1.22
3/23/2016,1.11
3/24/2016,1.11
3/25/2016,1.11
3/26/2016,1.106458173
3/27/2016,1.093549416
3/28/2016,1.11
3/29/2016,1.11
3/30/2016,1.06
3/31/2016,1.06
4/1/2016,1.11
4/2/2016,1.146786884
4/3/2016,1.163023636
4/4/2016,1.24
4/5/2016,1.22
4/6/2016,1.22
4/7/2016,1.22
4/8/2016,1.22
4/9/2016,1.23381947
4/10/2016,1.2319531
4/11/2016,1.39
4/12/2016,1.39
4/13/2016,1.39
4/14/2016,1.39
4/15/2016,1.39
4/16/2016,1.394824073
4/17/2016,1.387394176
4/18/2016,1.44
4/19/2016,1.44
4/20/2016,1.44
4/21/2016,1.44
4/22/2016,1.44
4/23/2016,1.428714321
4/24/2016,1.412237153
4/25/2016,1.44
4/26/2016,1.44
4/27/2016,1.44
4/28/2016,1.44
4/29/2016,1.44
4/30/2016,1.426144407
5/1/2016,1.419398919
5/2/2016,1.67
5/3/2016,1.44
5/4/2016,1.22
5/5/2016,1.11
5/6/2016,1
5/7/2016,0.965274379
5/8/2016,1.034847662
5/9/2016,1
5/10/2016,0.94
5/11/2016,0.83
5/12/2016,0.83
5/13/2016,0.83
5/14/2016,0.82620971
5/15/2016,0.869504676
5/16/2016,0.89
5/17/2016,0.89
5/18/2016,0.884313509
5/19/2016,0.94
5/20/2016,0.94
5/21/2016,0.951189921
5/22/2016,0.98314254
5/23/2016,1
5/24/2016,1
5/25/2016,1
5/26/2016,1
5/27/2016,1
5/28/2016,1.000271127
5/29/2016,1.013455168
5/30/2016,1.000423119
5/31/2016,0.94
6/1/2016,0.94
6/2/2016,0.94
6/3/2016,0.94
6/4/2016,0.967566953
6/5/2016,0.956895337
6/6/2016,0.94
6/7/2016,0.94
6/8/2016,0.94
6/9/2016,1
6/10/2016,1
6/11/2016,1.00398241
6/12/2016,1.000595853
6/13/2016,1.06
6/14/2016,1
6/15/2016,0.94
6/16/2016,0.89
6/17/2016,0.89
6/18/2016,0.870032445
6/19/2016,0.880966649
6/20/2016,0.83
6/21/2016,0.83
6/22/2016,0.83
6/23/2016,0.83
6/24/2016,0.83
6/25/2016,0.835948721
6/26/2016,0.851299719
6/27/2016,0.83
6/28/2016,0.83
6/29/2016,0.83
6/30/2016,0.83
7/1/2016,0.83
7/2/2016,0.846464903
7/3/2016,0.862881676
7/4/2016,0.886938319
7/5/2016,0.83
7/6/2016,0.83
7/7/2016,0.83
7/8/2016,0.83
7/9/2016,0.845757962
7/10/2016,0.858600602
7/11/2016,0.83
7/12/2016,0.83
7/13/2016,0.83
7/14/2016,0.83
7/15/2016,0.83
7/16/2016,0.832831771
7/17/2016,0.850141317
7/18/2016,0.89
7/19/2016,0.94
7/20/2016,0.94
7/21/2016,0.94
7/22/2016,0.94
7/23/2016,0.949826643
7/24/2016,0.973608092
7/25/2016,1.06
7/26/2016,1.06
7/27/2016,1
7/28/2016,0.94
7/29/2016,0.94
7/30/2016,0.938015447
7/31/2016,0.952479974
8/1/2016,0.94
8/2/2016,0.94
8/3/2016,1
8/4/2016,1
8/5/2016,1
8/6/2016,1.011378244
8/7/2016,1.033977733
8/8/2016,1.08
8/9/2016,1.08
8/10/2016,1.17
8/11/2016,1.17
8/12/2016,1.25
8/13/2016,1.268337981
8/14/2016,1.290529773
8/15/2016,1.28
8/16/2016,1.28
8/17/2016,1.33
8/18/2016,1.33
8/19/2016,1.33
8/20/2016,1.339208648
8/21/2016,1.346713469
8/22/2016,1.33
8/23/2016,1.33
8/24/2016,1.14
8/25/2016,1.11
8/26/2016,1.11
8/27/2016,1.089545951
8/28/2016,1.084684447
8/29/2016,0.94
8/30/2016,0.89
8/31/2016,0.89
9/1/2016,0.89
9/2/2016,0.89
9/3/2016,0.87955992
9/4/2016,0.894057349
9/5/2016,0.910782621
9/6/2016,0.89
9/7/2016,0.83
9/8/2016,0.83
9/9/2016,0.83
9/10/2016,0.814131275
9/11/2016,0.838500217
9/12/2016,0.83
9/13/2016,0.83
9/14/2016,0.83
9/15/2016,0.83
9/16/2016,0.83
9/17/2016,0.839610965
9/18/2016,0.887140915
9/19/2016,0.83
9/20/2016,0.83
9/21/2016,0.83
9/22/2016,0.83
9/23/2016,0.83
9/24/2016,0.831974313
9/25/2016,0.875221447
9/26/2016,0.83
9/27/2016,0.83
9/28/2016,0.94
9/29/2016,0.94
9/30/2016,1.06
10/1/2016,1.078852341
10/2/2016,1.089168296
10/3/2016,1.06
10/4/2016,1.06
10/5/2016,1
10/6/2016,1
10/7/2016,1
10/8/2016,0.990078822
10/9/2016,1.002965943
10/10/2016,1.008833275
10/11/2016,0.94
10/12/2016,0.83
10/13/2016,0.83
10/14/2016,0.83
10/15/2016,0.826587991
10/16/2016,0.858578876
10/17/2016,0.89
10/18/2016,1
10/19/2016,1
10/20/2016,1.11
10/21/2016,1.11
10/22/2016,1.147685424
10/23/2016,1.168425426
10/24/2016,1.44
10/25/2016,1.78
10/26/2016,1.78
10/27/2016,2.11
10/28/2016,2.11
10/29/2016,2.170524464
10/30/2016,2.208554254
10/31/2016,2.22
11/1/2016,2.22
11/2/2016,2.44
11/3/2016,2.56
11/4/2016,2.67
11/5/2016,2.723111019
11/6/2016,2.745982037
11/7/2016,2.78
11/8/2016,2.78
11/9/2016,2.56
11/10/2016,2.56
11/11/2016,2.562450275
11/12/2016,2.544893072
11/13/2016,2.551516519
11/14/2016,2.56
11/15/2016,2.44
11/16/2016,2.44
11/17/2016,2.33
11/18/2016,2.33
11/19/2016,2.328339741
11/20/2016,2.314811931
11/21/2016,2.33
11/22/2016,2.22
11/23/2016,2.11
11/24/2016,2.104618118
11/25/2016,2.11
11/26/2016,2.067986653
11/27/2016,2.06613718
11/28/2016,2.22
11/29/2016,2.22
11/30/2016,2.22
12/1/2016,2.22
12/2/2016,2.22
12/3/2016,2.244574175
12/4/2016,2.235313401
12/5/2016,2.22
12/6/2016,1.89
12/7/2016,1.89
12/8/2016,1.67
12/9/2016,1.67
12/10/2016,1.610399113
12/11/2016,1.574647412
12/12/2016,1.67
12/13/2016,1.44
12/14/2016,1.44
12/15/2016,1.33
12/16/2016,1.33
12/17/2016,1.308870987
12/18/2016,1.29741402
12/19/2016,1.295938448
12/20/2016,1.292390332
12/21/2016,1.287808225
12/22/2016,1.282048092
12/23/2016,1.279557393
12/24/2016,1.276931421
12/25/2016,1.276404992
12/26/2016,1.284929321
12/27/2016,1.289971695
12/28/2016,1.287708268
12/29/2016,1.286169485
12/30/2016,1.284858063
12/31/2016,1.288923577
1/1/2017,1.287567542
1/2/2017,1.296138093
1/3/2017,1.300775454
1/4/2017,1.30338426
1/5/2017,1.300951407
1/6/2017,1.299536184
1/7/2017,1.303353504
1/8/2017,1.299187944
1/9/2017,1.310715184
1/10/2017,1.316640363
1/11/2017,1.321075217
1/12/2017,1.317134962
1/13/2017,1.311781452
1/14/2017,1.327845917
1/15/2017,1.321475313
1/16/2017,1.330267862
1/17/2017,1.352839634
1/18/2017,1.35712348
1/19/2017,1.373002962
1/20/2017,1.388718024
1/21/2017,1.358800665
1/22/2017,1.358800665
1/23/2017,1.358800665
1/24/2017,1.358800665
1/25/2017,1.358800665
1/26/2017,1.358800665
1/27/2017,1.358800665
1/28/2017,1.358816133
1/29/2017,1.358816133
1/30/2017,1.358816133
1/31/2017,1.358816133
2/1/2017,1.358816133
2/2/2017,1.358816133
2/3/2017,1.358816133
2/4/2017,1.358816133
2/5/2017,1.358816133
2/6/2017,1.358816133
2/7/2017,1.358816133
2/8/2017,1.358816133
2/9/2017,1.358830259
2/10/2017,1.358830259
2/11/2017,1.358830259
2/12/2017,1.358830259
2/13/2017,1.358830259
2/14/2017,1.358830259
2/15/2017,1.358830259
2/16/2017,1.358830259
2/17/2017,1.358830259
2/18/2017,1.358830259
2/19/2017,1.358830259
2/20/2017,1.358830259
2/21/2017,1.358843044
2/22/2017,1.358843044
2/23/2017,1.358843044
2/24/2017,1.358843044
2/25/2017,1.358843044
2/26/2017,1.358843044
2/27/2017,1.358843044
2/28/2017,1.358843044
3/1/2017,1.358843044
3/2/2017,1.358843044
3/3/2017,1.358843044
3/4/2017,1.358843044
3/5/2017,1.358853862
3/6/2017,1.358853862
3/7/2017,1.358853862
3/8/2017,1.358853862
3/9/2017,1.358853862
3/10/2017,1.358853862
3/11/2017,1.358853862
3/12/2017,1.358853862
3/13/2017,1.56
3/14/2017,1.56
3/15/2017,1.44
3/16/2017,1.44
3/17/2017,1.44
3/18/2017,1.414778814
3/19/2017,1.433767781
3/20/2017,1.44
3/21/2017,1.44
3/22/2017,1.44
3/23/2017,1.44
3/24/2017,1.44
3/25/2017,1.388293073
3/26/2017,1.452365682
3/27/2017,1.44
3/28/2017,1.33
3/29/2017,1.33
3/30/2017,1.33
3/31/2017,1.33
4/1/2017,1.343727545
4/2/2017,1.325224415
4/3/2017,1.33
4/4/2017,1.33
4/5/2017,1.33
4/6/2017,1.33
4/7/2017,1.33
4/8/2017,1.311561868
4/9/2017,1.260340885
4/10/2017,1.33
4/11/2017,1.33
4/12/2017,1.22
4/13/2017,1
4/14/2017,1
4/15/2017,0.995758579
4/16/2017,1.0473312
4/17/2017,0.83
4/18/2017,0.83
4/19/2017,0.83
4/20/2017,0.83
4/21/2017,0.89
4/22/2017,0.928659008
4/23/2017,0.896341608
4/24/2017,0.94
4/25/2017,0.83
4/26/2017,0.83
4/27/2017,0.78
4/28/2017,0.78
4/29/2017,0.781784416
4/30/2017,0.837978617
5/1/2017,0.78
5/2/2017,0.72
5/3/2017,0.72
5/4/2017,0.72
5/5/2017,0.83
5/6/2017,0.844210327
5/7/2017,0.898017988
5/8/2017,0.83
5/9/2017,0.83
5/10/2017,0.83
5/11/2017,0.83
5/12/2017,0.83
5/13/2017,0.841115639
5/14/2017,0.865427897
5/15/2017,0.83
5/16/2017,0.72
5/17/2017,0.72
5/18/2017,0.72
5/19/2017,0.72
5/20/2017,0.717186899
5/21/2017,0.750147895
5/22/2017,0.83
5/23/2017,0.83
5/24/2017,0.89
5/25/2017,0.89
5/26/2017,0.89
5/27/2017,0.896301911
5/28/2017,0.900525138
5/29/2017,0.904948369
5/30/2017,0.83
5/31/2017,0.83
6/1/2017,0.83
6/2/2017,0.83
6/3/2017,0.831882045
6/4/2017,0.815530405
6/5/2017,0.83
6/6/2017,0.83
6/7/2017,0.83
6/8/2017,0.83
6/9/2017,0.83
6/10/2017,0.83462371
6/11/2017,0.836720661
6/12/2017,0.89
6/13/2017,0.89
6/14/2017,0.94
6/15/2017,0.94
6/16/2017,0.94
6/17/2017,0.949864016
6/18/2017,0.958471045
6/19/2017,1.06
6/20/2017,1.06
6/21/2017,1.06
6/22/2017,1.06
6/23/2017,1.06
6/24/2017,1.064329163
6/25/2017,1.076524899
6/26/2017,1.06
6/27/2017,1.06
6/28/2017,1.06
6/29/2017,1.06
6/30/2017,1.06
7/1/2017,1.058916376
7/2/2017,1.067361758
7/3/2017,1.06
7/4/2017,1.051996992
7/5/2017,1.06
7/6/2017,0.89
7/7/2017,0.89
7/8/2017,0.872558281
7/9/2017,0.893563823
7/10/2017,0.89
7/11/2017,0.83
7/12/2017,0.72
7/13/2017,0.72
7/14/2017,0.72
7/15/2017,0.708307937
7/16/2017,0.728858263
7/17/2017,0.72
7/18/2017,0.72
7/19/2017,0.67
7/20/2017,0.67
7/21/2017,0.67
7/22/2017,0.67888482
7/23/2017,0.710499123
7/24/2017,0.72
7/25/2017,0.67
7/26/2017,0.67
7/27/2017,0.67
7/28/2017,0.67
7/29/2017,0.675539256
7/30/2017,0.705276952
7/31/2017,0.67
8/1/2017,0.72
8/2/2017,0.72
8/3/2017,0.78
8/4/2017,0.78
8/5/2017,0.794786782
8/6/2017,0.821768866
8/7/2017,0.78
8/8/2017,0.78
8/9/2017,0.78
8/10/2017,0.78
8/11/2017,0.78
8/12/2017,0.799292535
8/13/2017,0.822988064
8/14/2017,0.78
8/15/2017,0.78
8/16/2017,0.83
8/17/2017,0.89
8/18/2017,0.89
8/19/2017,0.902543411
8/20/2017,0.92018573
8/21/2017,1
8/22/2017,1
8/23/2017,1
8/24/2017,1.01
8/25/2017,1.01
8/26/2017,1.018687353
8/27/2017,1.028478847
8/28/2017,1.11
8/29/2017,1.11
8/30/2017,1.11
8/31/2017,1.11
9/1/2017,1.11
9/2/2017,1.113592134
9/3/2017,1.125355945
9/4/2017,1.142167226
9/5/2017,1.08
9/6/2017,1.19
9/7/2017,1.19
9/8/2017,1.19
9/9/2017,1.197650597
9/10/2017,1.216164098
9/11/2017,1.19
9/12/2017,1.19
9/13/2017,1.19
9/14/2017,1.19
9/15/2017,1.19
9/16/2017,1.20012717
9/17/2017,1.197062031
9/18/2017,1.22
9/19/2017,1.17
9/20/2017,1.11
9/21/2017,1.11
9/22/2017,0.97
9/23/2017,0.959724084
9/24/2017,0.976281271
9/25/2017,1.03
9/26/2017,1.03
9/27/2017,1.03
9/28/2017,1.11
9/29/2017,1.11
9/30/2017,1.12511535
10/1/2017,1.141531185
10/2/2017,1.14
10/3/2017,1.11
10/4/2017,1.08
10/5/2017,0.96
10/6/2017,0.89
10/7/2017,0.881770418
10/8/2017,0.886471794
10/9/2017,0.89862077
10/10/2017,0.89
10/11/2017,0.89
10/12/2017,0.86
10/13/2017,0.86
10/14/2017,0.860767648
10/15/2017,0.887860284
10/16/2017,0.89
10/17/2017,0.89
10/18/2017,0.89
10/19/2017,0.89
10/20/2017,0.89
10/21/2017,0.89212893
10/22/2017,0.911395237
10/23/2017,0.92
10/24/2017,0.92
10/25/2017,0.89
10/26/2017,1
10/27/2017,0.97
10/28/2017,0.986977921
10/29/2017,1.004949436
10/30/2017,1.22
10/31/2017,1.22
11/1/2017,1.33
11/2/2017,1.33
11/3/2017,1.33
11/4/2017,1.341188029
11/5/2017,1.368588046
11/6/2017,1.44
11/7/2017,1.44
11/8/2017,1.5
11/9/2017,1.5
11/10/2017,1.498985783
11/11/2017,1.516936377
11/12/2017,1.520169423
11/13/2017,1.72
11/14/2017,1.78
11/15/2017,1.83
11/16/2017,2
11/17/2017,2
11/18/2017,2.028118119
11/19/2017,2.068196402
11/20/2017,2.11
11/21/2017,2.11
11/22/2017,2.11
11/23/2017,2.090043173
11/24/2017,1.67
11/25/2017,1.638633118
11/26/2017,1.57629563
11/27/2017,1.67
11/28/2017,1.56
11/29/2017,1.33
11/30/2017,1.11
12/1/2017,1.11
12/2/2017,1.076420382
12/3/2017,1.061695591
12/4/2017,1.11
12/5/2017,1.11
12/6/2017,1.33
12/7/2017,1.28
12/8/2017,1.28
12/9/2017,1.304387674
12/10/2017,1.322746412
12/11/2017,1.22
12/12/2017,1.33
12/13/2017,1.33
12/14/2017,1.17
12/15/2017,1.11
12/16/2017,1.107356713
12/17/2017,1.102634773
12/18/2017,1.22
12/19/2017,1.44
12/20/2017,1.44
12/21/2017,1.44
12/22/2017,1.44
12/23/2017,1.461124257
12/24/2017,1.468276099
12/25/2017,1.488416717
12/26/2017,1.33
12/27/2017,1.33
12/28/2017,1.33
12/29/2017,1.33
12/30/2017,1.315805391
12/31/2017,1.311059937
1/1/2018,1.313029305
1/2/2018,1.56
1/3/2018,1.56
1/4/2018,1.78
1/5/2018,1.78
1/6/2018,1.798833773
1/7/2018,1.823713765
1/8/2018,1.78
1/9/2018,1.791996107
1/10/2018,1.783566818
1/11/2018,1.89
1/12/2018,1.89
1/13/2018,1.890449629
1/14/2018,1.899010167
1/15/2018,1.911379085
1/16/2018,1.916736887
1/17/2018,1.902679071
1/18/2018,1.892026589
1/19/2018,1.87895082
1/20/2018,1.879151986
1/21/2018,1.869637833
1/22/2018,1.879640863
1/23/2018,1.875612543
1/24/2018,1.860839829
1/25/2018,1.838026748
1/26/2018,1.81936358
1/27/2018,1.834379122
1/28/2018,1.81841068
1/29/2018,1.798749373
1/30/2018,1.813778684
1/31/2018,1.804575667
2/1/2018,1.764468954
2/2/2018,1.731753156
2/3/2018,1.740970657
2/4/2018,1.707964287
2/5/2018,1.655803726
2/6/2018,1.67
2/7/2018,1.67
2/8/2018,1.67
2/9/2018,1.67
2/10/2018,1.663780794
2/11/2018,1.656900034
2/12/2018,1.56
2/13/2018,1.56
2/14/2018,1.5
2/15/2018,1.56
2/16/2018,1.56
2/17/2018,1.563551024
2/18/2018,1.551772461
2/19/2018,1.547535375
2/20/2018,1.44
2/21/2018,1.44
2/22/2018,1.44
2/23/2018,1.44
2/24/2018,1.428492681
2/25/2018,1.430461512
2/26/2018,1.44
2/27/2018,1.44
2/28/2018,1.44
3/1/2018,1.33
3/2/2018,1.33
3/3/2018,1.324429587
3/4/2018,1.329091445
3/5/2018,1.44
3/6/2018,1.33
3/7/2018,1.330406264
3/8/2018,1.321733967
3/9/2018,1.3156382
3/10/2018,1.31069319
3/11/2018,1.321298913
3/12/2018,1.33
3/13/2018,1.33
3/14/2018,1.33
3/15/2018,1.33
3/16/2018,1.33
3/17/2018,1.337531642
3/18/2018,1.36585568
3/19/2018,1.33
3/20/2018,1.56
3/21/2018,1.56
3/22/2018,1.55285956
3/23/2018,1.568612353
3/24/2018,1.61017345
3/25/2018,1.610625849
3/26/2018,1.606548533
3/27/2018,1.78
3/28/2018,1.78
3/29/2018,1.78
3/30/2018,1.78
3/31/2018,1.817898736
4/1/2018,1.850137815
4/2/2018,1.78
4/3/2018,1.78
4/4/2018,1.78
4/5/2018,1.67
4/6/2018,1.67
4/7/2018,1.67433028
4/8/2018,1.656200335
4/9/2018,1.56
4/10/2018,1.33
4/11/2018,1.17
4/12/2018,1.11
4/13/2018,1.11
4/14/2018,1.088897929
4/15/2018,1.081760035
4/16/2018,1.17
4/17/2018,1.17
4/18/2018,1.17
4/19/2018,1.17
4/20/2018,1.17
4/21/2018,1.18378161
4/22/2018,1.208049164
4/23/2018,1.17
4/24/2018,1.17
4/25/2018,1.17
4/26/2018,1.11
4/27/2018,1.11
4/28/2018,1.097285107
4/29/2018,1.113893971
4/30/2018,1.06
5/1/2018,1
5/2/2018,1
5/3/2018,1
5/4/2018,0.89
5/5/2018,0.903518662
5/6/2018,0.990943298
5/7/2018,0.83
5/8/2018,0.78
5/9/2018,0.72
5/10/2018,0.67
5/11/2018,0.67
5/12/2018,0.681103588
5/13/2018,0.777483807
5/14/2018,0.67
5/15/2018,0.67
5/16/2018,0.67
5/17/2018,0.67
5/18/2018,0.67
5/19/2018,0.683114395
5/20/2018,0.778973416
5/21/2018,0.67
5/22/2018,0.67
5/23/2018,0.67
5/24/2018,0.67
5/25/2018,0.67
5/26/2018,0.653727398
5/27/2018,0.723296211
5/28/2018,0.681946606
5/29/2018,0.61
5/30/2018,0.61
5/31/2018,0.61
6/1/2018,0.61
6/2/2018,0.624676571
6/3/2018,0.642554746
6/4/2018,0.72
6/5/2018,0.78
6/6/2018,0.78
6/7/2018,0.72
6/8/2018,0.72
6/9/2018,0.770505056
6/10/2018,0.763403014
6/11/2018,0.72
6/12/2018,0.67
6/13/2018,0.61
6/14/2018,0.61
6/15/2018,0.61
6/16/2018,0.673672572
6/17/2018,0.645760343
6/18/2018,0.61
6/19/2018,0.61
6/20/2018,0.61
6/21/2018,0.78
6/22/2018,0.78
6/23/2018,0.784386561
6/24/2018,0.801716135
6/25/2018,0.89
6/26/2018,0.89
6/27/2018,0.89
6/28/2018,0.89
6/29/2018,0.89
6/30/2018,0.897762463
7/1/2018,0.914775625
7/2/2018,0.94
7/3/2018,0.94
7/4/2018,0.929385976
7/5/2018,0.94
7/6/2018,1
7/7/2018,0.999532357
7/8/2018,1.02118896
7/9/2018,0.94
7/10/2018,0.94
7/11/2018,0.94
7/12/2018,1
7/13/2018,1.06
7/14/2018,1.067575351
7/15/2018,1.083327607
7/16/2018,1.06
7/17/2018,1.06
7/18/2018,1.06
7/19/2018,1.06
7/20/2018,1.06
7/21/2018,1.066335545
7/22/2018,1.084246264
7/23/2018,1.06
7/24/2018,1
7/25/2018,0.83
7/26/2018,0.72
7/27/2018,0.72
7/28/2018,0.700791851
7/29/2018,0.731560588
7/30/2018,0.67
7/31/2018,0.67
8/1/2018,0.67
8/2/2018,0.61
8/3/2018,0.61
8/4/2018,0.60052462
8/5/2018,0.645279334
8/6/2018,0.61
8/7/2018,0.61
8/8/2018,0.61
8/9/2018,0.61
8/10/2018,0.61
8/11/2018,0.624394671
8/12/2018,0.66090034
8/13/2018,0.61
8/14/2018,0.67
8/15/2018,0.67
8/16/2018,0.61
8/17/2018,0.61
8/18/2018,0.620436267
8/19/2018,0.666214154
8/20/2018,0.78
8/21/2018,0.89
8/22/2018,0.89
8/23/2018,0.89
8/24/2018,0.89
8/25/2018,0.904103742
8/26/2018,0.945321873
8/27/2018,1
8/28/2018,1
8/29/2018,1
8/30/2018,1.03
8/31/2018,1.03
9/1/2018,1.044440851
9/2/2018,1.078227118
9/3/2018,1.082750664
9/4/2018,1.17
9/5/2018,1.17
9/6/2018,1.17
9/7/2018,1.17
9/8/2018,1.186311648
9/9/2018,1.198919193
9/10/2018,1.17
9/11/2018,1.17
9/12/2018,1.25
9/13/2018,1.25
9/14/2018,1.25
9/15/2018,1.267924831
9/16/2018,1.277920262
9/17/2018,1.19
9/18/2018,1.19
9/19/2018,1.19
9/20/2018,1.17
9/21/2018,1.14
9/22/2018,1.140376136
9/23/2018,1.153854952
9/24/2018,1.17
9/25/2018,1
9/26/2018,1
9/27/2018,0.94
9/28/2018,0.94
9/29/2018,0.927605793
9/30/2018,0.950851068
10/1/2018,0.94
10/2/2018,0.94
10/3/2018,0.72
10/4/2018,0.72
10/5/2018,0.72
10/6/2018,0.692298011
10/7/2018,0.762879626
10/8/2018,0.739785046
10/9/2018,0.83
10/10/2018,0.83
10/11/2018,0.92
10/12/2018,0.92
10/13/2018,0.939114705
10/14/2018,1.002637014
10/15/2018,1
10/16/2018,1
10/17/2018,1
10/18/2018,1
10/19/2018,1
10/20/2018,1.018512294
10/21/2018,1.037855581
10/22/2018,1.03
10/23/2018,1.06
10/24/2018,1
10/25/2018,1
10/26/2018,1
10/27/2018,0.999852613
10/28/2018,1.025586799
10/29/2018,0.94
10/30/2018,0.94
10/31/2018,0.92
11/1/2018,0.92
11/2/2018,0.92
11/3/2018,0.924321876
11/4/2018,0.948102609
11/5/2018,0.92
11/6/2018,0.92
11/7/2018,0.89
11/8/2018,0.89
11/9/2018,0.94
11/10/2018,0.952596114
11/11/2018,0.973732457
11/12/2018,0.993969009
11/13/2018,1.56
11/14/2018,1.56
11/15/2018,1.56
11/16/2018,1.56
11/17/2018,1.58819221
11/18/2018,1.629253612
11/19/2018,1.78
11/20/2018,1.78
11/21/2018,1.78
11/22/2018,1.777456031
11/23/2018,1.78
11/24/2018,1.799803302
11/25/2018,1.815366552
11/26/2018,2.11
11/27/2018,2.11
11/28/2018,2.44
11/29/2018,2.44
11/30/2018,2.44
12/1/2018,2.485116825
12/2/2018,2.549665079
12/3/2018,2.44
12/4/2018,2.44
12/5/2018,2.67
12/6/2018,2.67
12/7/2018,2.67
12/8/2018,2.693008945
12/9/2018,2.712128804
12/10/2018,2.67
12/11/2018,2.78
12/12/2018,2.78
12/13/2018,2.78
12/14/2018,2.78
12/15/2018,2.7670279
12/16/2018,2.793430851
12/17/2018,2.78
12/18/2018,2.78
12/19/2018,2.56
12/20/2018,2.78
12/21/2018,2.78
12/22/2018,2.790210412
12/23/2018,2.781013832
12/24/2018,2.786523268
12/25/2018,2.788271532
12/26/2018,2.67
12/27/2018,2.44
12/28/2018,2.33
12/29/2018,2.28495966
12/30/2018,2.256007359
12/31/2018,2.22
1/1/2019,2.193495617
1/2/2019,2.22
1/3/2019,2
1/4/2019,2
1/5/2019,1.974135265
1/6/2019,1.930093215
1/7/2019,1.910576568
1/8/2019,1.884059713
1/9/2019,1.869359241
1/10/2019,1.848677621
1/11/2019,1.831051753
1/12/2019,1.811987505
1/13/2019,1.792127893
1/14/2019,1.775164709
1/15/2019,1.758613334
1/16/2019,1.743303642
1/17/2019,1.727402256
1/18/2019,1.709872589
1/19/2019,1.700066254
1/20/2019,1.679108546
1/21/2019,1.671632335
1/22/2019,1.658529565
1/23/2019,1.64736943
1/24/2019,1.626720533
1/25/2019,1.608084724
1/26/2019,1.668835149
1/27/2019,1.643569992
1/28/2019,1.598104939
1/29/2019,1.544716731
1/30/2019,1.606050179
1/31/2019,1.556282864
2/1/2019,1.534876511
2/2/2019,1.661400959
2/3/2019,1.569500164
2/4/2019,1.659550056
2/5/2019,1.553897128
2/6/2019,1.915431366
2/7/2019,2.114182696
2/8/2019,2.305182443
2/9/2019,1.361397848
2/10/2019,1.361397848
2/11/2019,1.361429945
2/12/2019,1.361429945
2/13/2019,1.361429945
2/14/2019,1.361429945
2/15/2019,1.361429945
2/16/2019,1.361429945
2/17/2019,1.361429945
2/18/2019,1.361429945
2/19/2019,1.361429945
2/20/2019,1.361429945
2/21/2019,1.361429945
2/22/2019,1.361429945
2/23/2019,1.361460075
2/24/2019,1.361460075
2/25/2019,1.361460075
2/26/2019,1.361460075
2/27/2019,1.361460075
2/28/2019,1.361460075
3/1/2019,1.361460075
3/2/2019,1.361460075
3/3/2019,1.361460075
3/4/2019,1.361460075
3/5/2019,1.361460075
3/6/2019,1.361460075
3/7/2019,1.361486003
3/8/2019,1.361486003
3/9/2019,1.361486003
3/10/2019,1.361486003
3/11/2019,1.361486003
3/12/2019,1.56
3/13/2019,1.56
3/14/2019,1.56
3/15/2019,1.56
3/16/2019,1.569797889
3/17/2019,1.584419594
3/18/2019,1.78
3/19/2019,1.78
3/20/2019,1.78
3/21/2019,1.78
3/22/2019,1.78
3/23/2019,1.818467007
3/24/2019,1.793461845
3/25/2019,1.78
3/26/2019,1.78
3/27/2019,1.787875519
3/28/2019,1.78
3/29/2019,1.78
3/30/2019,1.794382737
3/31/2019,1.780001984
4/1/2019,1.33
4/2/2019,1.33
4/3/2019,1.33
4/4/2019,1.17
4/5/2019,1.17
4/6/2019,1.150414929
4/7/2019,1.112848446
4/8/2019,1.17
4/9/2019,1
4/10/2019,1
4/11/2019,0.94
4/12/2019,0.94
4/13/2019,0.940867529
4/14/2019,0.971318469
4/15/2019,1
4/16/2019,0.94
4/17/2019,0.78
4/18/2019,0.72
4/19/2019,0.72
4/20/2019,0.734649823
4/21/2019,0.820831523
4/22/2019,0.67
4/23/2019,0.67
4/24/2019,0.67
4/25/2019,0.67
4/26/2019,0.67
4/27/2019,0.75943178
4/28/2019,0.960533664
4/29/2019,0.67
4/30/2019,0.67
5/1/2019,0.67
5/2/2019,0.67
5/3/2019,0.67
5/4/2019,0.720265985
5/5/2019,0.872376606
5/6/2019,0.67
5/7/2019,0.67
5/8/2019,0.67
5/9/2019,0.67
5/10/2019,0.67
5/11/2019,0.671546028
5/12/2019,0.770046399
5/13/2019,0.67
5/14/2019,0.67
5/15/2019,0.72
5/16/2019,0.72
5/17/2019,0.72
5/18/2019,0.685195789
5/19/2019,0.473117099
5/20/2019,0.94
5/21/2019,0.89
5/22/2019,0.97
5/23/2019,0.97
5/24/2019,0.97
5/25/2019,0.95226048
5/26/2019,0.984325931
5/27/2019,0.985434041
5/28/2019,0.94
5/29/2019,0.94
5/30/2019,0.89
5/31/2019,0.89
6/1/2019,0.875857577
6/2/2019,0.870485828
6/3/2019,0.94
6/4/2019,0.89
6/5/2019,0.94
6/6/2019,0.94
6/7/2019,0.94
6/8/2019,0.949529276
6/9/2019,0.963901982
6/10/2019,1
6/11/2019,1
6/12/2019,1
6/13/2019,1.11
6/14/2019,1.11
6/15/2019,1.106269703
6/16/2019,1.114048645
6/17/2019,1.11
6/18/2019,1.11
6/19/2019,1.17
6/20/2019,1.17
6/21/2019,1.17
6/22/2019,1.171026722
6/23/2019,1.165583537
6/24/2019,1.17
6/25/2019,1.17
6/26/2019,1.22
6/27/2019,1.22
6/28/2019,1.22
6/29/2019,1.214333311
6/30/2019,1.215534762
7/1/2019,1.22
7/2/2019,1.22
7/3/2019,1.22
7/4/2019,1.199890063
7/5/2019,1.22
7/6/2019,1.21323137
7/7/2019,1.215463773
7/8/2019,1.22
7/9/2019,1.22
7/10/2019,1.22
7/11/2019,1.33
7/12/2019,1.33
7/13/2019,1.331274227
7/14/2019,1.335631118
7/15/2019,1.33
7/16/2019,1.11
7/17/2019,1.11
7/18/2019,1.11
7/19/2019,1.11
7/20/2019,1.094716982
7/21/2019,1.093648121
7/22/2019,1.11
7/23/2019,1
7/24/2019,0.94
7/25/2019,0.89
7/26/2019,0.83
7/27/2019,0.812885345
7/28/2019,0.830699191
7/29/2019,0.83
7/30/2019,0.72
7/31/2019,0.67
8/1/2019,0.67
8/2/2019,0.67
8/3/2019,0.675386638
8/4/2019,0.702453524
8/5/2019,0.89
8/6/2019,0.83
8/7/2019,0.83
8/8/2019,0.83
8/9/2019,0.83
8/10/2019,0.842781827
8/11/2019,0.870166466
8/12/2019,0.94
8/13/2019,1
8/14/2019,1.06
8/15/2019,1.06
8/16/2019,1.071357534
8/17/2019,1.089436249
8/18/2019,1.107183263
8/19/2019,1.17
8/20/2019,1.17
8/21/2019,1.17
8/22/2019,1.17
8/23/2019,1.17
8/24/2019,1.178556398
8/25/2019,1.187655971
8/26/2019,1.22
8/27/2019,1.33
8/28/2019,1.33
8/29/2019,1.33
8/30/2019,1.33
8/31/2019,1.345173434
9/1/2019,1.357017533
9/2/2019,1.363628284
9/3/2019,1.33
9/4/2019,1.33
9/5/2019,1.33
9/6/2019,1.33
9/7/2019,1.335017786
9/8/2019,1.340736077
9/9/2019,1.44
9/10/2019,1.44
9/11/2019,1.44
9/12/2019,1.44
9/13/2019,1.44
9/14/2019,1.461325512
9/15/2019,1.457576946
9/16/2019,1.44
9/17/2019,1.44
9/18/2019,1.56
9/19/2019,1.56
9/20/2019,1.56
9/21/2019,1.562241927
9/22/2019,1.576697693
9/23/2019,1.56
9/24/2019,1.56
9/25/2019,1.56
9/26/2019,1.56
9/27/2019,1.56
9/28/2019,1.563250438
9/29/2019,1.532626317
9/30/2019,1.56
10/1/2019,1.33
10/2/2019,1.33
10/3/2019,1.33
10/4/2019,1.33
10/5/2019,1.309897647
10/6/2019,1.310012445
10/7/2019,1.33
10/8/2019,1.33
10/9/2019,1.33
10/10/2019,1.33
10/11/2019,1.33
10/12/2019,1.335345463
10/13/2019,1.333418564
10/14/2019,1.339999721
10/15/2019,1.22
10/16/2019,1.22
10/17/2019,1.22
10/18/2019,1.22
10/19/2019,1.213752881
10/20/2019,1.225959346
10/21/2019,1.11
10/22/2019,0.89
10/23/2019,0.89
10/24/2019,0.86
10/25/2019,0.86
10/26/2019,0.848970578
10/27/2019,0.863531754
10/28/2019,0.89
10/29/2019,0.89
10/30/2019,0.89
10/31/2019,1.11
11/1/2019,1.11
11/2/2019,1.131622926
11/3/2019,1.15940784
11/4/2019,1.33
11/5/2019,1.33
11/6/2019,1.44
11/7/2019,1.56
11/8/2019,1.56
11/9/2019,1.588134722
11/10/2019,1.613357589
11/11/2019,1.608713076
11/12/2019,1.78
11/13/2019,1.78
11/14/2019,1.56
11/15/2019,1.56
11/16/2019,1.546563164
11/17/2019,1.543745861
11/18/2019,1.56
11/19/2019,1.56